worker_id,division,female_w,d_married_w,worker_age_w,years_educ_w,child_num_w,plucker_w,d_pluck_pre_mean_w,mean_kgs_w,income_total_w,sav_all_tot_tot_w,sav_bank_tot_tot_w,sav_inf_w,asset_index_w,exp14_tot_w,follow_up_emp,follow_up_emp_Lujeri,follow_up_emp_other,follow_up_days_worked_Luj,follow_up_days_plucking,follow_up_large_purchases,FU_purch_varlist,FU_purch_livestock,FU_purch_metal_roof,FU_purch_home_imprv,FU_purch_phys_asset,FU_purch_new_house,follow_up_purchase_other
2098,1,0,1,68,0,3,1,.61290324,6.6101694,0,0,0,0,.4976353,2000,1,1,,4,2,0,,,,,,,
2095,1,0,1,61,11,3,1,.38461539,6.8644066,22150,10000,0,10000,-.62963176,18500,0,,,,,0,,,,,,,
2090,1,0,1,68,0,3,1,.66666669,7.6949153,3200,0,0,0,1.7883136,5000,0,,,,,1,0,0,0,0,0,1,0
2088,1,0,1,44,1,2,1,.66666669,8.3559322,11000,0,0,0,-1.1615654,65000,0,,,,,1,0,1,0,0,0,0,0
2087,1,0,1,52,4,3,1,.62637365,22.186441,8200,24400,0,24400,.3124553,11000,1,0,1,,,0,,,,,,,
2086,1,1,0,50,0,2,1,.66666669,5.8813558,7500,0,0,0,-1.3621635,8500,1,0,1,,,1,0,0,0,1,0,0,0
2082,1,1,0,51,1,3,1,.63440859,6.6949153,3000,2000,0,2000,-1.1100756,21500,1,1,,2,2,0,,,,,,,
2078,1,0,1,56,5,3,1,.53763443,8.3220339,6400,7000,0,7000,-.45793259,6500,1,1,,4,4,0,,,,,,,
2070,1,1,0,56,1,3,1,.59139782,8.6271191,6000,4000,0,4000,-1.181044,10000,0,,,,,0,,,,,,,
2067,1,0,1,32,3,3,1,.33000001,1.7966101,9000,46000,0,46000,.41729853,22000,1,1,,4,2,0,,,,,,,
2066,1,1,1,35,0,3,1,.56043959,9.7966099,0,0,0,0,-.058377724,10000,0,,,,,0,,,,,,,
2065,1,1,0,31,3,3,1,.48387095,11.220339,7000,0,0,0,-.77423257,10500,1,0,1,,,0,,,,,,,
2064,1,0,1,36,12,3,1,.59139782,9.6610174,3330,15000,0,15000,.94776219,13000,1,1,,3,3,0,,,,,,,
2063,1,0,1,42,5,4,1,.47311828,4.5932202,5000,39000,0,39000,.084543549,17000,0,,,,,0,,,,,,,
2060,1,0,1,33,7,2,1,.33695653,2.7288136,29000,56000,0,56000,-1.3438734,28000,1,1,,6,4,1,1,0,0,0,0,0,1
2059,1,0,1,28,4,1,1,.5869565,22.881355,0,0,0,0,.52230453,2000,0,,,,,0,,,,,,,
2058,1,1,0,25,4,4,1,.49462366,11.932203,24040,22000,0,22000,-.89284462,14000,1,1,,4,3,1,0,0,0,0,0,0,1
2057,1,0,1,51,2,4,1,.65591395,14.101695,6000,0,0,0,2.1724651,20000,0,,,,,1,0,1,0,0,1,0,0
2055,1,0,1,45,4,2,1,.5869565,13.237288,45000,0,0,0,-.8432616,15000,1,1,,4,3,0,,,,,,,
2054,1,0,1,46,0,2,1,.29347825,0,2340,0,0,0,-.70536971,8000,1,1,,4,4,0,,,,,,,
2051,1,0,1,40,12,4,0,0,0,85000,294000,0,278000,3.3177266,22000,1,0,1,,,0,,,,,,,
2050,1,0,0,59,0,0,0,0,0,13400,0,0,0,-1.5012373,7000,1,1,,4,4,0,,,,,,,
2049,1,0,1,52,0,1,1,.59139782,4.3728814,6700,6000,0,6000,2.3173058,25000,0,,,,,1,0,0,0,0,0,0,1
2045,1,1,0,35,7,3,1,.65591395,7.8983049,28000,20000,0,20000,2.3357542,15000,1,1,,6,5,0,,,,,,,
2039,1,0,1,56,5,3,1,.39130434,3.2711864,22000,0,0,0,-1.295452,15000,1,1,,5,3,0,,,,,,,
2034,1,1,1,32,0,4,1,.64516127,9.5932207,29750,0,0,0,1.3269889,15000,1,1,,4,2,0,,,,,,,
2033,1,1,0,48,3,3,1,.65591395,12.593221,14000,4000,0,4000,.37,12000,1,0,1,,,0,,,,,,,
2030,1,0,1,38,2,0,0,0,0,10000,3000,0,3000,-.78165239,11000,1,1,,5,5,0,,,,,,,
2027,1,0,0,32,7,2,1,.032258064,0,7000,10000,0,10000,-.80936742,15000,0,,,,,0,,,,,,,
2024,1,1,0,40,1,3,1,.57731956,8.525424,3000,0,0,0,-1.6117798,10000,1,1,,4,3,0,,,,,,,
2023,1,1,0,58,3,3,1,.60439563,11.016949,15000,10000,0,10000,-1.2566787,2500,1,1,,5,5,0,,,,,,,
2022,1,1,0,38,0,5,1,.61956519,15.728813,0,44000,0,44000,-.22543219,860,1,0,1,,,0,,,,,,,
2019,1,0,1,27,8,1,1,.52688169,12.762712,16000,98000,0,98000,-.25594127,14000,1,1,,5,3,0,,,,,,,
2017,1,1,1,48,1,3,1,.60439563,12.644068,7060,0,0,0,-.59092969,4500,1,0,1,,,0,,,,,,,
2012,1,0,1,31,0,3,1,.41935483,6.5762711,23000,41000,0,41000,-.17671496,12500,1,1,,4,3,0,,,,,,,
2010,1,0,1,29,7,5,0,0,0,16000,12400,0,12400,-1.404446,15000,1,1,,2,1,1,0,0,0,0,0,0,1
2007,1,0,1,26,6,1,1,.68478262,20.237288,3500,0,0,0,-.58444113,20000,0,,,,,0,,,,,,,
2002,1,0,1,48,0,3,1,.23913044,0,0,0,0,0,-1.5617793,6000,1,1,,5,4,0,,,,,,,
2000,1,1,0,42,0,2,1,.67032969,14.677966,15000,0,0,0,-.98488623,15000,1,1,,5,4,1,0,0,0,1,0,0,0
1999,1,0,1,25,5,0,0,0,0,22700,20000,0,20000,-1.5234927,11500,1,1,,4,3,0,,,,,,,
1989,1,0,1,28,7,2,1,.61538464,14.932203,60000,294000,0,278000,.516096,27000,1,1,,5,3,0,,,,,,,
1978,1,0,1,24,3,1,1,.34065935,16.474577,133000,84000,0,84000,1.679055,50000,1,1,,4,3,0,,,,,,,
1967,1,0,0,29,4,0,0,0,0,20000,30000,0,30000,-.88916886,10000,1,1,,5,2,0,,,,,,,
1961,1,0,1,32,8,4,1,.60869563,25.813559,24000,30000,0,30000,-.31488428,15000,1,1,,2,1,0,,,,,,,
1960,1,0,1,23,12,0,0,0,0,0,20000,0,20000,-.72294891,3000,1,1,,3,2,1,0,0,0,0,1,0,0
1959,1,0,1,39,11,2,0,0,0,32000,6000,0,6000,.46663746,28000,1,1,,2,2,0,,,,,,,
1957,1,1,1,30,5,2,1,.64835167,7.3220339,13470,4000,0,4000,.19189931,15000,1,1,,1,1,0,,,,,,,
1951,1,1,0,46,0,4,1,.63736266,11.745763,15000,0,0,0,-.69862109,15000,1,0,1,,,0,,,,,,,
1950,1,1,0,48,2,4,1,.59340662,15.169492,13820,42000,0,42000,.28716892,25000,1,1,,3,3,0,,,,,,,
1949,1,1,0,62,0,5,1,.57608694,12.593221,10000,10000,2000,8000,-.21470267,11000,0,,,,,1,0,0,0,0,0,0,1
1943,1,0,1,32,2,2,0,0,0,19000,56000,0,56000,-.7092191,15800,1,1,,5,3,0,,,,,,,
1942,1,0,1,22,5,0,1,.57608694,15.677966,17000,0,0,0,-.88953197,15000,0,,,,,0,,,,,,,
1941,1,0,1,28,10,1,0,0,0,0,68000,0,68000,.33245888,12000,1,1,,4,2,1,0,0,0,0,0,0,1
1940,1,0,1,34,7,4,1,.38043478,7.0169492,19580,28600,0,28600,.15638122,19000,0,,,,,0,,,,,,,
1939,1,0,1,28,2,1,1,.60439563,16.338984,9000,0,0,0,-.95995319,3000,0,,,,,1,0,0,0,0,0,0,1
1935,1,0,1,38,10,3,0,0,0,35000,0,0,0,.63363296,35000,1,1,,2,2,0,,,,,,,
1934,1,0,1,27,14,0,0,0,0,36000,0,0,0,-.37248409,12800,0,,,,,0,,,,,,,
1929,1,0,1,30,3,2,1,.31521741,1.1016949,24350,0,0,0,-1.0265545,13500,0,,,,,0,,,,,,,
1928,1,0,1,38,7,2,1,.18681319,2.3898306,14000,36000,0,36000,-.65541673,15000,1,1,,4,4,1,0,0,0,0,0,0,1
1927,1,0,1,30,4,3,1,.52688169,13.525424,28000,0,0,0,-.53898335,7000,1,1,,5,4,0,,,,,,,
1925,1,0,1,24,5,3,1,.63440859,24.61017,6300,0,0,0,-1.6158123,15000,0,,,,,1,0,0,0,0,0,0,1
1924,1,0,1,39,3,3,0,.63440859,13.898305,40000,0,0,0,-.83816344,20000,1,0,1,,,0,,,,,,,
1921,1,1,0,25,4,1,1,.64130437,11.847458,11000,0,0,0,-1.2301381,12000,0,,,,,0,,,,,,,
1920,1,1,0,21,0,1,1,.51648355,8.4915257,35000,14000,0,14000,-.90779132,7000,1,1,,3,2,0,,,,,,,
1917,1,0,1,34,7,2,1,.25773194,6.6440678,11300,38000,0,38000,-.18334359,16000,1,1,,4,3,0,,,,,,,
1916,1,1,0,32,3,3,1,.6630435,8.7627115,8000,20000,0,20000,-1.9593534,8000,1,1,,6,4,1,0,0,0,0,0,0,1
1913,1,0,1,35,3,2,1,.63043481,15.644068,15000,12000,0,12000,-1.421856,10000,0,,,,,0,,,,,,,
1910,1,0,1,63,3,5,1,.65217394,19.084745,25050,19000,0,19000,1.6161075,18000,0,,,,,0,,,,,,,
1909,1,0,1,42,5,3,1,.23076923,0,45000,0,0,0,.9232462,30000,0,,,,,0,,,,,,,
1903,1,1,0,32,10,3,1,.53846157,4.9491525,36000,10000,0,10000,.16129267,20000,0,,,,,0,,,,,,,
1902,1,0,1,38,7,2,1,.42857143,6.2711864,47000,294000,39000,265400,.6126231,29000,1,1,,4,2,1,0,0,0,0,0,0,1
1901,1,0,1,33,4,4,1,.59782606,14.644068,18500,16000,0,16000,-.2206883,23000,1,1,,2,1,0,,,,,,,
1899,1,0,1,35,5,3,1,.16304348,0,21000,60000,0,60000,.21464163,2000,0,,,,,0,,,,,,,
1896,1,0,1,55,4,3,1,.56521738,14.881356,14800,28000,0,28000,.57362908,10000,1,1,,4,2,0,,,,,,,
1894,1,0,1,36,13,4,1,.36263737,2.9152544,12000,0,0,0,-1.2264613,19000,0,,,,,0,,,,,,,
1889,1,0,1,28,5,0,1,.56701028,10.18644,0,0,0,0,-1.5202525,18000,1,0,1,,,0,,,,,,,
1888,1,0,1,36,3,2,1,.556701,7.4067798,19000,26000,0,26000,1.029283,21000,0,,,,,0,,,,,,,
1887,1,0,1,58,3,2,1,.56521738,10.542373,10300,0,0,0,-.36296889,8000,0,,,,,0,,,,,,,
1885,1,0,1,60,5,4,1,.58762884,9.5762711,24800,90000,0,90000,.83469146,20000,0,,,,,0,,,,,,,
1883,1,1,1,29,7,2,1,.59340662,12.779661,16580,113800,0,113800,.25612178,16000,0,,,,,0,,,,,,,
1881,1,1,0,29,0,3,1,.48913044,11.271187,16000,20000,0,20000,-1.1100756,15000,1,0,1,,,1,0,0,0,0,0,0,1
1878,1,1,0,32,3,5,0,0,0,10000,0,0,0,-.39143533,9000,0,,,,,0,,,,,,,
1856,1,0,1,37,6,5,0,0,0,0,92000,0,92000,-.053449672,6000,1,1,,4,2,1,0,0,1,0,0,0,0
1850,1,0,1,52,8,5,0,0,0,21000,55000,0,55000,.21555677,12500,0,,,,,0,,,,,,,
1846,2,0,1,65,3,0,1,.67021275,14.966102,60000,60000,0,60000,-.23812553,10000,0,,,,,0,,,,,,,
1840,2,0,1,47,2,3,1,.59340662,10.610169,5900,64000,0,64000,-.43492657,15000,0,,,,,0,,,,,,,
1835,2,1,0,41,0,4,1,.62637365,8.8644066,4200,0,0,0,-.17613268,15000,1,1,,3,3,0,,,,,,,
1833,2,0,1,41,6,1,1,.39175257,3.7288136,20400,0,0,0,.051025212,15000,0,,,,,1,0,0,0,0,0,0,1
1832,2,0,1,52,6,1,1,.42268041,5.6440678,20000,0,0,0,-.89015371,6200,0,,,,,1,0,0,0,0,1,0,0
1830,2,0,1,34,5,4,0,0,0,12000,0,0,0,-1.1504077,9000,1,1,,4,4,0,,,,,,,
1829,2,0,1,35,0,3,1,.48351648,10.559322,15000,0,0,0,.1360177,11300,1,0,1,,,0,,,,,,,
1825,2,1,1,42,4,3,1,.63736266,17.966103,0,0,0,0,1.0493852,12000,1,1,,5,4,1,0,0,0,0,0,0,1
1818,2,0,0,52,1,0,1,.65934068,18.169491,6000,0,0,0,-1.0738667,15000,0,,,,,0,,,,,,,
1816,2,1,0,36,6,3,1,.64835167,17.169491,0,0,0,0,-.30149555,8000,0,,,,,0,,,,,,,
1813,2,1,0,35,8,3,1,.58241761,14.440678,5000,34000,0,34000,-.51809168,46000,1,1,,6,6,1,1,0,0,0,0,0,1
1810,2,0,1,33,8,3,1,.2857143,2.2033899,30000,50000,0,50000,1.2867171,28000,1,0,1,,,0,,,,,,,
1809,2,0,1,41,1,5,1,.60439563,14.050847,1000,0,0,0,-.49788329,21000,1,1,,2,1,0,,,,,,,
1808,2,0,1,49,1,1,0,0,0,13200,36000,0,36000,-.50444382,15000,1,1,,3,3,0,,,,,,,
1804,2,1,1,46,2,2,1,.63736266,15.542373,2530,26000,0,26000,-1.5837388,15000,0,,,,,0,,,,,,,
1803,2,1,0,46,0,3,1,.63917524,20.135593,9999,0,0,0,.095411152,18000,1,0,1,,,0,,,,,,,
1791,2,0,0,50,3,5,1,.52747256,6.5932202,5000,0,0,0,-.58221632,15000,1,1,,3,2,0,,,,,,,
1778,2,0,1,37,9,3,0,0,0,15000,8000,0,8000,-.39455107,13000,1,0,1,,,0,,,,,,,
1777,2,1,1,56,1,4,1,.64835167,12.237288,2000,0,0,0,-1.4398994,11500,0,,,,,0,,,,,,,
1772,2,0,1,31,5,4,1,.59340662,17.338984,2300,0,0,0,-.73911417,23000,1,1,,5,5,1,0,0,0,0,0,0,1
1768,2,1,1,40,8,3,1,.48351648,6.6949153,1000,0,0,0,-.28017247,15000,1,1,,5,4,0,,,,,,,
1751,2,1,0,28,6,5,1,.61855668,10.847458,300,31000,0,31000,-1.0247836,18000,1,1,,5,2,0,,,,,,,
1750,2,0,1,52,1,1,1,.65934068,11.457627,0,0,0,0,.72415614,10000,1,1,,5,3,1,0,1,0,1,0,0,0
1744,2,0,1,40,2,2,1,.35051546,3.5423729,8000,12000,0,12000,-.13918199,14000,1,1,,5,3,1,0,0,1,0,0,0,0
1743,2,0,1,36,8,2,0,0,0,12000,24200,0,24200,1.0036236,35000,1,1,,3,2,1,0,0,0,0,0,0,1
1741,2,1,0,44,0,1,1,.56382978,8.474576,133000,0,0,0,-1.9593534,45000,0,,,,,0,,,,,,,
1732,2,0,1,32,5,2,1,.55445546,16.983051,18000,200000,0,200000,2.1936736,28000,1,1,,4,4,0,,,,,,,
1728,2,0,1,22,6,0,1,.5714286,11.881356,25000,120000,0,120000,.88023096,12000,1,1,,3,2,0,,,,,,,
1727,2,0,0,22,9,2,0,0,0,0,30000,0,30000,1.5598947,10000,1,0,1,,,0,,,,,,,
1726,2,0,1,32,8,3,1,.41758242,5.2203388,60000,14000,0,14000,1.1495001,20000,1,1,,4,4,1,0,0,1,0,0,0,0
1707,2,1,0,30,8,3,1,.53846157,13.711864,4470,90000,45000,45000,1.3928665,24000,1,1,,4,3,0,,,,,,,
1704,2,0,1,32,2,2,1,.47252747,4.7796612,0,50000,0,50000,.12688068,15000,0,,,,,0,,,,,,,
1698,2,0,1,28,8,1,1,.46153846,5.0508475,10500,0,0,0,-.72578967,12000,0,,,,,1,0,0,0,0,0,0,1
1688,2,0,1,39,7,4,1,.60439563,10.084745,5800,4000,0,4000,-.49944988,12000,0,,,,,0,,,,,,,
1685,2,1,0,45,5,2,1,.59574467,9.2881355,8000,0,0,0,-.64013135,8000,1,1,,5,5,0,,,,,,,
1674,2,0,1,40,7,3,1,.36263737,4.0847459,0,1000,0,1000,-.71269423,11000,1,0,1,,,0,,,,,,,
1672,2,0,1,32,7,2,1,.11340206,0,13000,0,0,0,-1.1013923,13200,1,1,,5,5,0,,,,,,,
1638,3,1,0,45,0,2,0,0,0,18000,2000,0,2000,-.48280379,17000,1,1,,5,5,0,,,,,,,
1637,3,0,1,40,5,5,0,0,0,55000,50000,0,50000,-.90121531,33000,1,1,,5,4,1,0,0,0,0,0,0,1
1633,3,0,1,45,8,1,1,0,0,25000,30000,0,30000,.42830345,20000,1,0,1,,,0,,,,,,,
1628,3,1,0,31,1,3,0,0,0,14000,50000,0,50000,-.24020298,19000,1,1,,4,3,1,1,0,1,0,0,0,0
1625,3,1,0,38,5,3,0,0,0,13300,24000,0,24000,-1.3969445,13000,1,0,1,,,0,,,,,,,
1622,3,0,0,27,6,3,0,0,0,7200,0,0,0,-.67501837,860,1,1,,1,1,1,0,0,0,1,0,0,0
1620,3,0,1,37,5,2,0,0,0,18000,61000,0,61000,.91546267,10000,1,1,,4,4,0,,,,,,,
1619,3,0,1,38,10,2,0,0,0,65000,53000,0,53000,-.3650744,22000,1,1,,5,5,1,1,1,1,0,0,0,0
1618,3,1,0,27,5,1,0,0,0,35000,22000,0,22000,-.51819694,13800,0,,,,,0,,,,,,,
1616,3,0,1,30,13,4,0,0,0,15000,135000,30000,105000,-.037856374,1700,0,,,,,0,,,,,,,
1615,3,0,1,32,8,2,0,0,0,20000,4000,0,4000,.065619424,13000,0,,,,,1,0,0,0,0,0,0,1
1614,3,1,0,26,4,3,0,0,0,26100,140000,50000,80000,.24027331,10050,1,0,1,,,0,,,,,,,
1613,3,0,1,29,8,3,0,0,0,65800,60000,0,60000,-.67004251,5000,1,0,1,,,0,,,,,,,
1611,3,1,0,32,5,3,0,0,0,128600,46000,0,46000,-.98051912,40000,1,1,,4,4,0,,,,,,,
1609,3,0,1,49,6,2,0,0,0,24000,234000,0,234000,1.1533321,23000,0,,,,,0,,,,,,,
1606,3,1,0,40,10,2,0,0,0,14000,24000,0,24000,-.83704627,7000,1,1,,5,3,0,,,,,,,
1605,3,1,0,44,8,3,0,0,0,15000,38000,0,38000,-.36717519,13000,1,1,,4,3,0,,,,,,,
1602,3,1,0,38,4,3,0,0,0,22000,19800,0,19800,-1.1965533,16000,0,,,,,1,0,0,0,0,0,0,1
1601,3,0,1,28,6,3,0,0,0,22000,110000,0,110000,.032898474,5900,0,,,,,0,,,,,,,
1600,3,0,1,58,8,2,0,0,0,13000,50000,0,50000,1.0375097,35000,1,1,,4,3,0,,,,,,,
1599,3,0,1,37,7,1,0,0,0,29000,36000,0,36000,1.1055644,12000,1,1,,4,4,0,,,,,,,
1587,3,0,1,29,12,3,0,0,0,80000,70000,0,70000,.23883201,18000,1,0,1,,,0,,,,,,,
1585,3,0,1,33,3,6,0,0,0,44000,140000,0,140000,2.7853589,27500,1,1,,4,3,0,,,,,,,
1584,3,0,1,42,7,3,0,0,0,21500,5778,2889,2889,.55392665,18400,1,1,,3,2,0,,,,,,,
1580,3,1,1,36,8,2,0,0,0,34000,20000,0,20000,-.40505514,34000,1,1,,1,1,0,,,,,,,
1578,3,0,1,28,3,2,1,.34736842,10.237288,25000,191000,0,191000,-.80652207,20000,1,1,,3,3,0,,,,,,,
1577,3,0,1,45,8,3,1,.4623656,9.1525421,40000,0,0,0,.011444036,7000,1,1,,4,3,0,,,,,,,
1576,3,0,1,47,7,4,1,.0099999998,0,30000,54000,0,54000,-.18417104,18000,1,1,,4,3,0,,,,,,,
1563,3,0,0,35,8,5,1,.24468085,2.0847456,29350,50000,0,50000,-.42207438,18000,1,1,,5,2,1,0,1,0,0,0,0,0
1562,3,1,0,31,3,3,1,.33333334,2.1016948,11000,60000,0,60000,1.0784309,10000,1,1,,4,3,0,,,,,,,
1559,3,1,0,35,3,4,1,.70652175,10.101695,12000,0,0,0,.73419875,22000,1,1,,5,4,0,,,,,,,
1553,3,1,1,35,4,3,1,.73913044,10.966102,37000,6000,0,6000,.78134382,10000,1,1,,3,3,1,0,0,0,0,0,0,1
1552,3,1,0,30,1,3,1,.7096774,9,10000,10000,0,10000,-.09989889,10000,0,,,,,0,,,,,,,
1550,3,0,1,29,4,2,0,0,0,35000,2000,0,2000,-.41097108,860,1,1,,3,3,0,,,,,,,
1549,3,0,1,25,5,5,1,.71739131,8.8135595,14000,19000,0,19000,.6920594,28000,1,1,,1,1,0,,,,,,,
1548,3,0,0,28,6,3,1,.55434781,7.2711864,0,22000,0,22000,3.204823,1000,1,1,,5,4,1,0,0,0,0,1,0,0
1547,3,0,1,25,9,1,0,0,0,15000,4000,0,4000,-.38330272,14000,1,0,1,,,0,,,,,,,
1537,3,0,1,25,8,2,1,.2857143,0,0,60000,0,60000,.28776354,2500,1,0,1,,,0,,,,,,,
1536,3,0,1,48,5,4,1,.010638298,0,20000,40000,0,40000,2.0918384,15000,0,,,,,1,0,0,1,0,1,0,0
1535,3,0,1,53,3,4,1,0,0,22000,40000,0,40000,.040770981,14000,1,0,1,,,0,,,,,,,
1530,3,0,1,30,8,0,0,0,0,5000,2000,0,2000,-.48951125,13000,1,0,1,,,0,,,,,,,
1528,3,0,1,35,11,3,0,0,0,17300,78000,15000,63000,.19337673,15000,1,1,,3,2,0,,,,,,,
1527,3,0,1,36,2,2,0,0,0,10000,294000,0,278000,2.4934251,10000,1,0,1,,,0,,,,,,,
1514,3,0,1,35,7,1,0,0,0,30000,46000,20000,26000,.79510117,38000,0,,,,,0,,,,,,,
1511,3,0,1,37,2,2,0,0,0,17000,68000,0,68000,.73716956,11000,1,1,,2,1,1,0,0,0,0,0,1,0
1510,3,0,1,45,6,5,1,.38947368,7.6271186,11200,30000,0,30000,.89994991,9500,0,,,,,0,,,,,,,
1509,3,0,0,23,7,2,0,0,0,47500,136000,0,136000,2.9496651,28000,0,,,,,0,,,,,,,
1504,3,0,1,36,3,4,1,.69565219,10.457627,23000,38000,0,38000,.39366215,16000,1,1,,4,4,0,,,,,,,
1500,3,0,1,34,5,2,1,.53763443,8.1864405,20700,0,0,0,.391792,14000,1,0,1,,,1,1,0,0,0,0,0,1
1491,3,1,1,31,3,4,0,0,0,24800,68000,0,68000,-.28786504,9500,1,0,1,,,0,,,,,,,
1490,3,0,1,34,8,3,1,.6630435,10.474576,1500,40000,0,40000,.50329792,860,1,1,,4,4,1,1,0,0,0,0,0,1
1489,3,0,1,64,4,3,0,0,0,5000,6000,0,6000,.62327576,1000,0,,,,,0,,,,,,,
1488,3,0,1,24,11,0,1,.37634408,2.1694915,29000,93000,0,93000,-.58262032,25000,1,1,,5,5,0,,,,,,,
1487,3,0,1,39,7,3,0,0,0,13000,30000,0,30000,.4567104,17500,1,1,,4,4,1,0,0,0,0,0,1,0
1485,3,0,1,29,4,1,1,0,0,13000,38400,0,38400,-.029437324,8000,0,,,,,1,0,0,0,0,0,0,1
1484,3,0,1,50,2,0,1,.51086956,4.4067798,17000,0,0,0,-1.4285507,9500,0,,,,,1,0,1,1,0,0,0,0
1482,3,0,1,26,10,1,1,.75268817,8.8135595,11000,13400,0,13400,-1.0472111,1500,1,1,,4,3,0,,,,,,,
1480,3,0,1,24,12,0,0,0,0,26000,50000,0,50000,-1.2887031,16070,1,1,,5,4,0,,,,,,,
1472,3,1,0,34,2,3,1,.31914893,0,12300,0,0,0,-.83465058,11000,1,1,,3,1,0,,,,,,,
1471,3,0,1,49,0,3,1,.75999999,10.220339,12000,0,0,0,.4320007,8000,1,1,,5,5,1,0,0,0,0,1,0,0
1470,3,0,1,29,8,6,1,.22340426,0,17700,95000,8500,86500,1.320977,21000,0,,,,,0,,,,,,,
1469,3,0,1,35,13,3,1,.40425533,7.7118645,0,3000,0,3000,-.5994001,860,0,,,,,1,0,1,0,0,0,0,0
1466,3,1,0,38,5,3,0,0,0,38000,84000,0,84000,-1.0222043,38000,1,1,,4,2,0,,,,,,,
1462,3,1,1,31,7,3,0,0,0,0,4000,0,4000,-.9494437,4500,0,,,,,0,,,,,,,
1461,3,0,1,25,11,0,0,0,0,15000,22000,0,22000,-.36554825,9000,0,,,,,0,,,,,,,
1460,3,0,1,26,12,0,0,0,0,28000,232000,50000,142000,-.26146451,18000,0,,,,,0,,,,,,,
1455,3,0,0,25,11,6,0,0,0,30000,54000,0,54000,1.5521245,20000,1,1,,4,4,0,,,,,,,
1448,3,0,0,28,4,4,1,.55434781,5.7288136,16000,20000,0,20000,.5285247,20000,1,1,,4,4,0,,,,,,,
1446,3,0,1,32,12,2,1,.21276596,0,29000,80000,0,80000,1.1244662,16000,1,1,,4,3,0,,,,,,,
1444,3,1,1,32,6,3,0,0,0,12000,70000,0,70000,.38941646,15000,1,0,1,,,0,,,,,,,
1357,3,0,1,21,12,0,0,0,0,18800,91600,0,91600,-.075104706,10000,1,1,,4,3,0,,,,,,,
1353,3,0,1,37,8,4,0,0,0,40000,63000,0,63000,.24073662,19500,0,,,,,0,,,,,,,
1349,4,0,1,64,0,5,0,0,0,16700,8000,0,8000,-.098813377,20000,1,1,,6,5,0,,,,,,,
1348,4,0,1,40,7,3,0,0,0,16000,36000,0,36000,-.75374442,12000,0,,,,,0,,,,,,,
1347,4,1,1,54,2,1,1,.70212764,12.016949,0,0,0,0,-1.8526826,7000,0,,,,,1,0,1,0,0,0,0,0
1343,4,0,0,48,8,1,0,0,0,56500,3000,0,3000,-1.4135829,25000,1,1,,6,5,0,,,,,,,
1342,4,0,1,43,0,2,1,.64893615,10.830508,2065,0,0,0,-.76898563,15000,0,,,,,0,,,,,,,
1341,4,0,1,68,0,2,1,.72916669,12.81356,0,14000,0,14000,-.27076438,6000,0,,,,,1,0,0,0,0,0,0,1
1339,4,0,1,39,0,2,1,.57291669,11.525424,10000,0,0,0,-1.263693,2000,1,1,,5,3,0,,,,,,,
1338,4,0,1,43,2,2,1,.66666669,19.898306,0,24000,0,24000,-.26076669,13000,0,,,,,0,,,,,,,
1337,4,0,1,45,2,3,1,.7473684,21.949152,19284,0,0,0,.12412149,10000,1,1,,1,1,0,,,,,,,
1336,4,0,1,43,1,4,1,.76041669,17.118645,5300,0,0,0,-.72278249,15000,0,,,,,0,,,,,,,
1335,4,1,0,48,2,2,0,0,0,0,0,0,0,-1.6006765,15000,1,1,,4,4,1,0,0,0,0,0,0,1
1334,4,0,1,45,1,0,1,.72340423,14.81356,7000,0,0,0,-.88718253,4500,1,1,,5,5,0,,,,,,,
1333,4,0,1,41,13,4,1,.75,17,7300,28000,0,28000,-.30136058,17000,1,1,,6,5,0,,,,,,,
1331,4,1,1,45,2,0,1,.39583334,3.6779661,32000,100000,0,100000,3.3177266,21000,0,,,,,0,,,,,,,
1329,4,0,1,35,2,2,1,.7473684,26.915255,2000,56000,15000,41000,.076989077,6420,1,1,,2,1,0,,,,,,,
1328,4,1,0,48,5,1,1,.64999998,18.915255,4500,0,0,0,-1.5225883,12000,1,1,,4,4,0,,,,,,,
1326,4,0,1,42,9,2,1,.6875,13.457627,970,40000,0,40000,-.26193133,5900,0,,,,,0,,,,,,,
1325,4,0,1,61,5,1,1,.63917524,22.491526,16000,0,0,0,-.90805095,10000,1,0,1,,,0,,,,,,,
1324,4,1,0,33,6,2,1,.76041669,30.186441,0,8000,0,8000,-.76415205,5000,0,,,,,0,,,,,,,
1322,4,0,1,33,10,3,1,.67021275,18.169491,20000,60000,0,60000,1.0705229,17000,0,,,,,1,0,0,0,0,0,0,1
1320,4,1,0,32,0,2,1,.28723404,6.4576273,13000,0,0,0,-1.5600351,10000,1,1,,4,4,0,,,,,,,
1318,4,0,1,39,2,0,1,.66315788,9.8474579,105480,0,0,0,.044280831,32000,1,1,,5,4,0,,,,,,,
1317,4,1,0,30,4,5,1,.63157892,8.1186438,1178,28000,0,28000,-.098868839,29000,0,,,,,1,0,0,0,0,1,0,0
1316,4,0,1,30,2,3,1,.66666669,23.169491,20000,30000,0,30000,1.1827753,27000,1,1,,4,4,0,,,,,,,
1315,4,0,0,41,12,0,0,0,0,3200,32000,0,32000,.24822967,4000,1,1,,4,4,0,,,,,,,
1314,4,0,1,34,4,2,1,.46000001,19.305084,2236,25000,0,25000,-.45661235,17000,1,1,,3,2,0,,,,,,,
1313,4,0,1,39,8,3,1,.51999998,12.881356,4400,35600,0,35600,.15055278,15600,1,1,,5,3,0,,,,,,,
1310,4,1,0,37,4,3,1,.65263158,10.372881,0,800,0,800,-.32882383,35000,1,0,1,,,0,,,,,,,
1309,4,1,0,45,0,3,1,.67368424,15.864407,14000,44000,1000,43000,.92263776,30000,0,,,,,1,0,1,0,0,0,0,0
1308,4,1,0,30,8,3,1,.60416669,16.983051,6000,0,0,0,-.94949365,3375,1,0,1,,,0,,,,,,,
1305,4,1,0,45,0,3,1,.7157895,19.305084,9000,22000,0,22000,-.25500783,17000,1,1,,3,2,0,,,,,,,
1303,4,1,1,41,12,1,1,.70707071,10.677966,8000,0,0,0,-.7148931,4000,1,1,,5,3,1,0,0,0,0,0,0,1
1302,4,0,1,23,2,2,1,.72916669,26.033897,10700,0,0,0,.0044106636,5700,1,0,1,,,0,,,,,,,
1301,4,1,1,35,12,3,0,0,0,24500,130000,50000,80000,-.67064738,15000,1,1,,4,3,0,,,,,,,
1295,4,1,1,51,7,1,1,.36170211,8.6610174,12050,20000,0,20000,-.2209841,26000,1,1,,2,2,0,,,,,,,
1294,4,1,0,31,6,1,1,.63541669,19.186441,4700,0,0,0,-1.2812479,15000,1,1,,2,2,0,,,,,,,
1289,4,1,0,35,0,1,1,.23404256,4.1355934,26000,6000,0,6000,-.11857873,26000,1,1,,4,3,0,,,,,,,
1288,4,1,1,28,5,2,1,.5625,17.169491,0,30000,0,30000,-.57361102,12000,0,,,,,1,1,0,0,0,0,0,1
1286,4,0,1,40,7,3,1,.67021275,16.169491,20000,0,0,0,.35619697,12000,1,1,,6,4,0,,,,,,,
1284,4,1,0,27,14,2,1,.69696969,16.322035,9000,80400,20000,60400,.090180509,16000,0,,,,,0,,,,,,,
1283,4,0,1,30,1,2,1,.5,5.4915257,214,9600,0,9600,-.76406544,7500,0,,,,,0,,,,,,,
1282,4,0,1,42,8,5,1,.70212764,19.491526,25000,19000,0,19000,.3005091,15000,1,1,,4,3,0,,,,,,,
1280,4,0,1,34,8,3,0,0,0,35000,26000,0,26000,.045225024,4500,1,1,,5,4,0,,,,,,,
1279,4,0,1,24,8,0,1,.69999999,25.016949,24000,112000,7500,104500,-.56095499,12500,1,1,,5,5,0,,,,,,,
1278,4,0,1,31,2,2,1,.57894737,14.644068,105000,12000,0,12000,-.56699985,9000,1,1,,4,4,0,,,,,,,
1277,4,1,0,35,8,3,1,.57575756,9.4237289,105000,40000,0,40000,.13809562,15000,1,1,,5,2,1,0,0,0,0,0,0,1
1276,4,0,0,24,4,1,0,0,0,128800,180000,0,180000,-1.2414073,70000,0,,,,,0,,,,,,,
1275,4,0,1,42,6,5,0,0,0,35000,294000,0,278000,1.1386403,15000,1,1,,4,4,1,0,0,0,0,0,0,1
1274,4,0,1,43,4,2,1,.7473684,15.898305,22000,0,0,0,-.90357631,5400,0,,,,,0,,,,,,,
1273,4,1,1,45,5,2,0,0,0,0,40000,0,40000,2.1178091,28000,1,0,1,,,0,,,,,,,
1271,4,1,1,32,6,1,1,.57894737,17.40678,10400,5000,0,5000,-1.100137,10100,1,1,,2,1,0,,,,,,,
1269,4,0,1,29,8,1,1,.54166669,9.7288132,12000,190000,0,190000,.61313587,18500,1,1,,5,4,1,0,0,0,0,0,0,1
1268,4,0,1,36,10,3,0,0,0,26000,74000,0,74000,1.2209477,15000,1,1,,4,4,1,1,0,0,1,0,1,0
1267,4,0,1,39,10,4,0,0,0,35000,80000,0,80000,.41629374,15000,1,0,1,,,1,0,0,0,0,0,0,1
1266,4,0,1,27,12,1,0,.010638298,0,24000,30000,0,30000,.13846582,13000,0,,,,,0,,,,,,,
1265,4,0,1,34,8,4,1,.48979592,8.1694918,14500,17000,0,17000,1.357923,25000,0,,,,,0,,,,,,,
1264,4,0,1,46,5,2,1,.69791669,22.169491,14000,20000,0,20000,-1.3225189,15000,1,1,,3,2,1,0,0,0,0,0,0,1
1263,4,0,1,39,8,5,0,0,0,30500,5200,2600,2600,-.12652402,32000,1,1,,4,3,0,,,,,,,
1262,4,1,1,36,1,5,1,.45744681,12.254237,7000,0,0,0,-.62763321,19000,0,,,,,0,,,,,,,
1261,4,1,0,30,13,3,1,.625,15.745763,7000,50000,0,50000,-1.2854996,9500,0,,,,,0,,,,,,,
1260,4,1,0,41,3,5,1,.75757575,18.813559,500,0,0,0,-.038719505,9000,0,,,,,1,0,0,0,0,0,0,1
1259,4,1,1,38,8,4,1,.64583331,13.508474,111000,12000,0,12000,-1.0719811,9600,1,0,1,,,0,,,,,,,
1258,4,0,1,36,7,1,0,0,0,37000,60000,0,60000,-.62251288,10000,1,1,,5,4,0,,,,,,,
1257,4,0,1,50,0,4,1,.70212764,11.542373,14500,14000,0,14000,.54768378,15000,1,1,,3,2,0,,,,,,,
1256,4,1,0,32,3,4,1,.48958334,9.0677967,8000,44000,0,44000,-.88113612,20000,1,0,1,,,0,,,,,,,
1255,4,0,1,30,8,2,1,.31958762,1.1694915,4800,8000,0,8000,-.54797131,16000,1,1,,5,5,0,,,,,,,
1254,4,0,1,32,5,2,1,.45744681,12.423729,10600,76000,0,76000,1.0285504,15000,1,1,,4,3,0,,,,,,,
1253,4,1,0,56,4,3,1,.75789475,22.440678,0,7000,0,7000,-.12296215,7000,0,,,,,0,,,,,,,
1252,4,0,1,30,8,2,1,.52999997,8.7796612,15450,6000,0,6000,.3802624,8500,0,,,,,0,,,,,,,
1251,4,0,1,24,2,1,1,.70526314,20.898306,4500,32000,0,32000,-.097478926,9000,0,,,,,0,,,,,,,
1248,4,1,0,40,5,4,1,.73195875,12.949153,2000,0,0,0,.0073707616,15000,0,,,,,1,0,0,0,0,0,0,1
1247,4,1,1,58,7,3,1,.69148934,8.7457628,14000,0,0,0,-.25386843,8000,0,,,,,0,,,,,,,
1243,4,0,1,38,14,1,0,0,0,30000,10000,5000,5000,.25689492,30000,0,,,,,0,,,,,,,
1239,4,0,1,57,8,0,0,0,0,14000,0,0,0,-.54255342,14000,1,1,,4,4,0,,,,,,,
1238,4,0,1,21,14,0,0,0,0,40000,294000,50000,245000,1.1306522,70000,1,0,1,,,0,,,,,,,
1237,4,0,1,35,1,3,1,.60638297,16.898306,9800,6000,0,6000,-1.2205606,10000,0,,,,,0,,,,,,,
1236,4,0,1,22,8,0,0,0,0,32500,119000,0,119000,1.5625637,35000,1,1,,4,3,0,,,,,,,
1234,4,1,0,40,2,5,1,.66666669,13.593221,7000,10000,0,10000,-.45380864,15000,0,,,,,0,,,,,,,
1233,4,0,1,24,5,2,0,0,0,55000,90000,0,90000,3.3177266,44000,1,0,1,,,0,,,,,,,
1232,4,0,1,34,12,3,1,.57446808,8.6271191,35000,83000,0,83000,.14822438,22000,1,0,1,,,0,,,,,,,
1231,4,0,1,24,3,0,1,.041666668,1.5762712,10000,10000,5000,5000,-.96564662,70000,1,1,,4,4,0,,,,,,,
1230,4,1,0,31,3,2,1,.45263159,4.762712,400,24000,0,24000,.43267918,15000,0,,,,,1,0,0,0,0,0,1,0
1228,4,1,0,38,3,4,1,.76041669,25.338984,2000,12000,0,12000,-.13572228,10000,1,1,,4,3,0,,,,,,,
1227,4,0,1,27,4,3,1,.64948452,6.4915257,15700,30000,0,30000,-.74608666,16000,1,1,,4,2,1,1,0,0,0,0,1,0
1226,4,0,1,32,1,2,0,0,0,0,0,0,0,-1.9593534,6500,0,,,,,0,,,,,,,
1225,4,0,1,35,4,0,1,.23157895,0,17500,12000,0,12000,.82187551,16000,1,1,,4,3,0,,,,,,,
1222,4,0,1,22,14,0,0,0,0,2750,5300,0,5300,-.77190328,15000,1,1,,6,4,0,,,,,,,
1221,4,0,1,28,3,4,1,.71717173,15.779661,11000,48000,0,48000,-.13406377,22000,0,,,,,0,,,,,,,
1219,4,0,1,23,5,0,1,.48453608,8.6610174,8500,10000,0,10000,-.65161997,13500,0,,,,,0,,,,,,,
1218,4,1,1,37,7,3,1,.625,13.20339,9400,0,0,0,1.1113713,9500,1,1,,1,1,0,,,,,,,
1216,4,1,0,22,11,1,1,.59183675,7,18000,96000,30000,66000,1.9521664,30000,0,,,,,0,,,,,,,
1213,4,1,1,28,6,1,1,.6875,11.118644,2200,19000,0,19000,.010686747,29000,0,,,,,0,,,,,,,
1212,4,1,0,35,6,1,1,.56842107,8.4067793,69000,44000,2000,42000,-.31244561,24000,1,1,,3,1,0,,,,,,,
1211,4,1,1,39,0,2,1,.66336632,11.779661,14000,30000,0,30000,-.21144238,50000,0,,,,,0,,,,,,,
1210,4,1,1,35,5,3,1,.71875,13.169492,17900,30000,0,30000,.6495645,10000,0,,,,,0,,,,,,,
1209,4,1,0,38,5,3,1,.76041669,21.762712,10200,8000,0,8000,-.68240947,7000,0,,,,,1,0,0,0,0,0,1,0
1208,4,1,0,39,2,4,1,.58510637,8.7796612,1428,0,0,0,-.89379084,15000,1,1,,3,3,0,,,,,,,
1205,4,0,1,35,12,4,1,.63999999,13.355932,37000,48000,0,48000,.084989585,33000,0,,,,,0,,,,,,,
1204,4,0,1,31,9,2,1,.61855668,10.440678,30000,128000,26000,102000,.61807847,50000,0,,,,,0,,,,,,,
1203,4,0,1,44,13,1,1,.55319148,8.7627115,15000,16000,0,16000,-1.0920503,10000,1,1,,5,2,0,,,,,,,
1202,4,0,1,23,5,0,1,.29787233,1.3220339,42000,152200,0,152200,-.33907244,70000,1,1,,5,3,0,,,,,,,
1199,4,0,0,31,14,2,0,0,0,53000,138000,50000,88000,3.1346087,40000,0,,,,,0,,,,,,,
1198,4,0,1,45,6,5,1,.32978722,3.8983052,2400,0,0,0,-.26815021,18000,1,1,,3,3,0,,,,,,,
1197,4,1,1,31,7,3,1,.27659574,3.881356,22000,7000,0,7000,-1.6664635,14000,1,0,1,,,0,,,,,,,
1196,4,1,0,31,8,3,1,.69791669,11.457627,1000,35000,0,35000,-.31277201,30000,0,,,,,0,,,,,,,
1195,4,0,1,34,7,3,0,0,0,45400,102560,32780,69780,3.3177266,18570,0,,,,,0,,,,,,,
1155,4,1,0,38,8,3,1,.65263158,15.271187,9000,8000,0,8000,-1.7397021,12000,0,,,,,0,,,,,,,
1150,5,0,1,52,4,3,1,.74226803,43,16000,42000,0,42000,-.41906089,15000,1,1,,4,4,1,0,0,0,0,0,0,1
1149,5,0,1,51,5,5,1,.52577317,14.301205,0,0,0,0,-.9024418,16000,1,1,,4,4,0,,,,,,,
1148,5,0,1,50,0,2,0,0,0,400,30000,0,30000,.32832512,7000,1,1,,6,6,0,,,,,,,
1147,5,0,1,33,3,2,0,0,0,11000,294000,0,278000,.23874633,14000,1,0,1,,,0,,,,,,,
1146,5,1,0,30,2,2,0,0,0,0,0,0,0,.76063871,10000,0,,,,,1,0,0,0,0,0,0,1
1143,5,0,1,32,10,0,1,.3877551,8.903614,19000,0,0,0,1.5241994,10000,0,,,,,0,,,,,,,
1141,5,0,1,35,10,2,1,.55102038,34.746986,21000,84000,6000,78000,.53291607,17000,1,1,,2,1,0,,,,,,,
1140,5,1,0,45,3,0,1,.35051546,12.542169,14500,10000,0,10000,-1.0627934,16000,1,1,,2,1,0,,,,,,,
1137,5,0,0,39,1,5,1,.68041235,27.036144,2300,0,0,0,-.55361789,2300,1,1,,4,4,0,,,,,,,
1136,5,0,0,54,3,0,1,.76041669,34.048191,4000,34000,0,34000,-1.2492673,4000,0,,,,,0,,,,,,,
1135,5,1,0,54,2,3,1,.70103091,30.698795,6900,0,0,0,-1.3497037,10000,1,1,,3,2,1,0,0,0,0,0,0,1
1134,5,1,0,35,4,3,1,.57731956,29.361446,850,0,0,0,-.26018152,12500,0,,,,,1,0,0,1,0,0,0,0
1133,5,0,1,46,2,3,0,0,0,9000,0,0,0,-.3885504,12000,1,1,,3,3,0,,,,,,,
1131,5,0,1,36,13,3,0,0,0,133000,116000,0,116000,-.15343438,18000,1,1,,5,5,0,,,,,,,
1129,5,0,1,54,3,1,1,.6122449,18.072289,11700,0,0,0,-1.2778955,14000,1,1,,4,2,0,,,,,,,
1128,5,0,1,41,3,4,1,.37755102,8.4939756,113000,102000,20000,82000,1.2697865,70000,1,0,1,,,1,1,0,0,0,0,0,1
1126,5,1,0,51,8,3,1,.70999998,35.86747,12270,56400,20000,36400,-.51271117,10000,1,1,,4,2,0,,,,,,,
1123,5,0,1,34,6,0,0,0,0,14900,17000,0,17000,-1.5207256,9500,0,,,,,0,,,,,,,
1121,5,0,1,45,2,4,1,.71134019,34.626507,35000,216000,0,216000,.93042475,15000,1,1,,4,4,1,0,0,0,0,0,0,1
1119,5,0,1,42,7,3,1,.45360824,20.710844,10000,34000,0,34000,.58112174,15000,1,1,,3,2,0,,,,,,,
1118,5,1,0,60,0,2,1,.67346936,30.445784,4000,0,0,0,.1567083,7000,1,0,1,,,0,,,,,,,
1116,5,1,0,52,0,2,0,0,0,0,0,0,0,-.58511066,10000,0,,,,,0,,,,,,,
1115,5,0,1,56,4,6,1,.71134019,23.337349,700,0,0,0,3.3177266,40000,1,1,,4,4,1,0,0,0,0,0,0,1
1114,5,0,1,44,6,2,0,0,0,14000,8000,0,8000,-1.0663344,20500,0,,,,,0,,,,,,,
1113,5,0,1,30,2,1,1,.15151516,5.2048192,18000,12000,0,12000,.88801479,14500,1,1,,2,2,0,,,,,,,
1110,5,0,1,37,3,3,0,0,0,5000,4000,0,4000,-.35818449,25000,1,1,,3,2,0,,,,,,,
1109,5,0,1,61,2,2,1,.37755102,19.180723,1000,400,0,400,-.82795,8500,1,1,,4,3,0,,,,,,,
1104,5,0,1,54,1,4,1,.53608245,20.397591,10500,0,0,0,1.0913676,11500,1,1,,6,5,0,,,,,,,
1103,5,0,1,62,1,4,1,.35714287,15.409638,750,0,0,0,-.27937558,14000,1,0,1,,,0,,,,,,,
1101,5,0,1,41,5,2,1,.73195875,43,62000,100000,0,100000,1.2577201,65000,0,,,,,1,1,0,0,0,0,0,1
1100,5,0,1,40,12,3,0,0,0,1000,0,0,0,-.089819327,15000,1,1,,4,4,0,,,,,,,
1097,5,0,1,40,9,4,1,.1122449,.46987951,7000,12000,0,12000,.52025515,25000,1,0,1,,,0,,,,,,,
1095,5,0,0,60,1,0,1,.72448981,19.614458,11000,0,0,0,-1.9593534,2030,1,1,,6,3,0,,,,,,,
1094,5,0,1,29,6,1,1,.35051546,10.759036,12000,10000,0,10000,-.82396799,22000,1,1,,3,2,0,,,,,,,
1093,5,0,1,33,6,1,0,.02020202,1.6024096,0,160000,0,160000,-.42046145,7000,0,,,,,0,,,,,,,
1092,5,1,1,31,4,1,1,.68367344,21.156626,23000,290000,0,278000,1.5237051,22000,0,,,,,0,,,,,,,
1091,5,0,1,31,3,1,1,.26804122,7.9156628,2140,10000,0,10000,-.39144519,12000,1,1,,5,5,1,0,0,0,0,0,1,0
1090,5,0,1,29,8,3,1,.7525773,43,15000,70000,0,70000,.39339289,45000,0,,,,,0,,,,,,,
1089,5,1,0,30,5,4,1,.3877551,25.903614,12960,0,0,0,-1.8728126,7830,1,1,,5,4,1,0,0,0,0,0,0,1
1088,5,0,1,30,8,3,1,.21649484,6.4578314,30000,60000,0,60000,3.3177266,35000,1,1,,5,5,0,,,,,,,
1087,5,1,0,41,3,6,1,.70408165,22.927711,8240,12000,0,12000,.10109902,12000,1,1,,3,3,0,,,,,,,
1084,5,1,0,25,3,2,1,.6122449,42.506023,2000,0,0,0,-1.6538305,9000,1,0,1,,,0,,,,,,,
1083,5,0,1,45,1,1,0,0,0,0,0,0,0,-.98715055,30000,0,,,,,1,0,0,0,0,0,0,1
1081,5,1,0,28,4,3,1,.61855668,25.216867,18000,10000,0,10000,-.58773255,18000,1,1,,4,4,0,,,,,,,
1080,5,0,1,37,2,6,1,0,0,14000,0,0,0,-1.1633989,6000,0,,,,,1,0,0,0,0,0,0,1
1076,5,0,1,44,3,4,1,.59183675,26.361446,127600,104000,0,104000,.32945713,24500,1,1,,6,6,0,,,,,,,
1075,5,1,1,34,0,4,1,.62244898,31.204819,1800,0,0,0,.35400692,20000,1,0,1,,,0,,,,,,,
1074,5,0,1,38,13,3,1,.15463917,6.3734941,117000,64000,0,64000,.72997051,58000,1,1,,3,1,1,1,0,0,0,0,0,1
1072,5,0,1,30,3,5,1,.11,.61445785,8500,24000,0,24000,.80374694,18500,1,1,,5,3,0,,,,,,,
1067,5,0,1,52,7,2,0,.76041669,43,20000,40000,0,40000,.21323362,11000,0,,,,,0,,,,,,,
1065,5,1,0,25,4,1,1,.74226803,41.144577,0,18000,0,18000,-.73049337,12000,1,1,,5,5,1,0,0,0,0,0,1,0
1064,5,1,0,38,4,4,1,.70103091,21.807228,30000,88000,20000,68000,-.33773848,15000,0,,,,,0,,,,,,,
1063,5,0,1,47,5,3,0,0,0,25000,14000,0,14000,.70526642,45000,1,1,,4,3,0,,,,,,,
1061,5,0,1,23,7,6,0,0,0,48000,47000,0,47000,1.3521932,34000,0,,,,,0,,,,,,,
1060,5,1,0,44,1,2,1,.62626261,34.650604,0,0,0,0,-1.1368304,9000,0,,,,,1,0,0,0,0,1,0,0
1059,5,0,0,44,0,4,1,.25,5.0602407,4000,0,0,0,-1.3284743,10000,1,1,,3,2,1,0,1,0,0,0,0,0
1056,5,0,1,31,10,2,1,.54081631,27.397591,0,16000,0,16000,-.096950635,15000,1,1,,4,4,0,,,,,,,
1055,5,1,0,28,3,3,1,.69387758,24.240963,2000,0,0,0,-1.304931,9700,0,,,,,0,,,,,,,
1054,5,0,1,41,4,3,1,.1122449,.6506024,55000,28000,0,28000,-.31243753,10000,1,1,,3,3,0,,,,,,,
1053,5,0,1,49,3,3,1,.68367344,17.469879,10500,0,0,0,-1.0644193,4060,0,,,,,0,,,,,,,
1051,5,1,0,30,6,3,1,.65306121,23.710844,15000,30000,0,30000,.097863406,25000,1,1,,4,4,1,0,0,0,0,0,0,1
1050,5,0,1,35,12,0,0,0,0,0,32000,0,32000,-.77518833,13000,1,1,,5,4,0,,,,,,,
1047,5,0,1,26,8,1,1,.46391752,17.277109,7000,60000,0,60000,.04409872,15000,1,1,,6,4,0,,,,,,,
1046,5,0,1,23,9,0,1,.68041235,31.795181,4000,6000,0,6000,-.46945548,8000,0,,,,,0,,,,,,,
1044,5,0,1,31,5,3,0,0,0,6000,0,0,0,.71385229,27400,1,1,,3,3,0,,,,,,,
1043,5,0,1,37,4,2,1,.46938777,19.397591,25000,5600,0,5600,.1765686,10000,1,1,,3,1,0,,,,,,,
1042,5,0,1,35,5,1,1,.67010307,24.240963,11600,0,0,0,-1.1237402,13000,1,1,,5,5,0,,,,,,,
1041,5,0,1,26,12,0,0,0,0,15500,16000,2000,14000,-.62457293,12000,0,,,,,0,,,,,,,
1037,5,0,1,39,13,0,1,.28865978,8.8313255,15000,4000,0,4000,.3220188,28000,0,,,,,1,0,0,0,0,0,0,1
1034,5,0,1,32,6,4,1,.30612245,22.819277,25000,0,0,0,-.4646368,19000,1,1,,4,3,0,,,,,,,
1029,5,1,0,42,0,1,1,.71134019,27.253012,4000,4000,0,4000,.32456306,8000,1,1,,4,4,0,,,,,,,
1025,5,1,0,40,0,4,1,.34,9.8313255,10500,0,0,0,.0060371608,9000,1,1,,3,3,0,,,,,,,
1023,5,1,0,29,4,5,1,.30612245,16.855421,18700,30000,0,30000,1.5378755,30000,0,,,,,0,,,,,,,
1022,5,0,1,24,7,2,1,.56122446,20.144579,0,10000,0,10000,-.74080235,15000,1,1,,5,4,0,,,,,,,
1021,5,1,0,30,0,2,1,.59793812,39.192772,30000,0,0,0,-.46591449,22000,0,,,,,0,,,,,,,
1019,5,0,1,28,8,2,1,.69072163,43,8000,114000,0,114000,.3480995,35000,1,1,,6,4,1,0,0,0,0,0,0,1
1018,5,0,1,27,7,0,0,.030303031,1.9759036,18000,0,0,0,-.64483088,12000,0,,,,,0,,,,,,,
1014,5,1,0,23,0,3,1,.60204083,27.168674,40000,36000,0,36000,.63179874,32000,0,,,,,1,0,0,0,0,1,0,0
1011,5,1,0,26,6,1,1,.7525773,32.228916,0,0,0,0,-.25445545,7000,1,1,,3,2,0,,,,,,,
1010,5,1,0,27,3,2,1,.57731956,21.26506,3500,10000,0,10000,-1.9593534,10000,1,1,,3,2,0,,,,,,,
1009,5,0,1,24,4,0,0,.029999999,1.5662651,0,86000,0,86000,2.6355069,15000,1,1,,5,4,0,,,,,,,
1008,5,1,0,44,6,5,1,.63265306,42.168674,22000,42000,0,42000,-.32102406,25000,0,,,,,1,0,0,0,0,0,1,0
1002,5,1,0,39,2,3,1,.60204083,22.337349,17000,0,0,0,-.75840551,15000,1,1,,5,3,0,,,,,,,
1000,5,0,1,27,10,2,1,.59793812,27.819277,42000,13300,650,12650,.37940025,16500,0,,,,,0,,,,,,,
999,5,0,1,41,6,5,1,.48979592,19.13253,15000,20000,0,20000,.17536905,15000,1,0,1,,,0,,,,,,,
994,5,0,1,21,6,0,0,.02020202,.97590363,0,0,0,0,-1.0461653,15000,1,1,,5,5,0,,,,,,,
993,5,1,0,43,6,4,1,.71428573,43,1500,22000,0,22000,.72630841,30000,0,,,,,0,,,,,,,
992,5,1,0,34,3,1,1,.64948452,43,3000,0,0,0,.43710616,15000,0,,,,,0,,,,,,,
990,5,0,1,22,9,1,0,.01010101,.3253012,5400,46000,0,46000,1.0304322,15500,0,,,,,0,,,,,,,
989,5,0,1,21,6,0,0,.04040404,2.6867471,22000,21000,0,21000,-.50797713,19500,1,0,1,,,0,,,,,,,
988,5,1,0,65,0,2,1,.75510204,38.253014,4300,0,0,0,-1.7191525,6000,0,,,,,1,0,0,0,0,0,0,1
985,5,0,1,52,8,4,1,.70103091,43,35000,80000,40000,40000,1.29662,45000,1,1,,6,5,0,,,,,,,
983,5,0,1,44,8,1,0,0,0,0,5000,0,5000,-.43073651,22000,0,,,,,0,,,,,,,
982,5,0,1,21,10,0,0,.01010101,.22891566,22000,0,0,0,-.57984656,11500,0,,,,,0,,,,,,,
981,5,1,0,37,6,2,1,.59793812,35.783131,10000,72000,0,72000,.70975703,25000,0,,,,,0,,,,,,,
979,5,1,0,58,1,2,1,.67010307,37.86747,2040,0,0,0,-.31634429,25000,1,1,,1,1,0,,,,,,,
978,5,1,0,26,6,1,1,.64646465,22,100000,104000,0,104000,-.58598489,70000,0,,,,,0,,,,,,,
944,5,0,1,42,12,1,1,.20408164,3.9156628,7800,0,0,0,.38375494,15000,0,,,,,0,,,,,,,
678,7,0,1,33,11,2,1,.45744681,9.1016951,45000,126000,0,126000,.32066566,26000,1,1,,5,3,0,,,,,,,
672,7,0,1,42,2,1,1,.68085104,30.016949,4350,60000,0,60000,-.66393715,1400,1,0,1,,,1,0,0,0,0,0,0,1
668,7,0,1,40,2,5,1,.75531918,23.813559,15000,0,0,0,1.0374126,15000,1,1,,3,3,0,,,,,,,
665,7,1,0,39,3,4,1,.61052632,18.169491,6000,22000,0,22000,-.035938893,12000,0,,,,,0,,,,,,,
663,7,1,0,42,1,3,1,.74468082,12.779661,6200,0,0,0,-.05418938,15000,0,,,,,0,,,,,,,
662,7,0,1,60,0,2,1,.43617022,5.9491525,21000,0,0,0,-.20221832,15700,1,1,,3,3,1,0,0,0,0,0,0,1
659,7,0,1,34,7,4,1,.04255319,1.7627119,23600,60800,0,60800,1.1777066,11300,1,1,,5,5,0,,,,,,,
657,7,0,1,27,8,1,1,.73404253,18.169491,10600,0,0,0,1.2157133,25000,1,1,,3,2,1,0,0,1,0,0,0,0
656,7,1,0,35,4,3,1,.76041669,11.966102,8400,0,0,0,-1.2242752,8400,0,,,,,0,,,,,,,
655,7,1,1,24,0,2,1,.71276593,17.779661,35000,0,0,0,-.9811309,31000,0,,,,,0,,,,,,,
652,7,1,0,53,2,3,1,.72340423,17.59322,15000,12000,0,12000,-.60900545,4500,1,1,,6,6,1,0,0,0,0,1,0,0
650,7,0,1,27,11,2,0,0,0,66000,14000,0,14000,.1593722,45000,1,0,1,,,0,,,,,,,
649,7,0,1,32,10,4,1,.32631579,3.3050847,15700,30000,0,30000,-.093013793,27500,0,,,,,0,,,,,,,
648,7,1,0,43,2,6,1,.66315788,20.084745,23000,238000,0,238000,2.8815165,32000,0,,,,,0,,,,,,,
646,7,0,1,32,10,4,0,0,0,16700,70000,0,70000,.52252132,15000,0,,,,,0,,,,,,,
644,7,0,1,55,8,2,1,.7157895,18.101694,16000,28000,0,28000,.68635595,25000,0,,,,,1,0,0,0,0,0,0,1
643,7,1,0,50,0,4,1,.69148934,9.1355934,15000,0,0,0,-1.3745438,2000,0,,,,,0,,,,,,,
639,7,1,0,60,0,2,1,.65625,13.762712,0,0,0,0,-1.2902735,2800,1,0,1,,,0,,,,,,,
638,7,0,1,57,7,1,0,.010416667,0,13000,0,0,0,-.72539669,5650,1,1,,4,4,1,0,0,0,0,0,0,1
637,7,0,1,22,5,2,1,.32291666,0,15000,0,0,0,-1.5091968,12000,1,1,,2,2,0,,,,,,,
632,7,1,0,42,5,2,1,.67368424,12.322034,15000,2000,0,2000,-.21807881,860,0,,,,,0,,,,,,,
631,7,1,0,30,8,4,1,.64893615,22.033897,7000,0,0,0,-.79432791,7000,1,1,,5,4,0,,,,,,,
630,7,0,1,26,6,2,1,.08510638,0,14000,4000,0,4000,.29389644,12000,1,1,,5,5,1,0,1,0,0,0,0,0
629,7,0,1,47,5,1,0,0,0,16000,0,0,0,.45926884,37640,0,,,,,0,,,,,,,
628,7,0,1,62,2,6,1,.74468082,18.033897,16040,20000,0,20000,.80175459,30000,0,,,,,0,,,,,,,
624,7,1,0,46,7,1,1,.72340423,14.559322,28000,0,0,0,.24890482,8370,0,,,,,0,,,,,,,
617,7,1,0,32,5,2,1,.73404253,15.237288,14500,0,0,0,-1.4911532,11000,1,1,,2,2,0,,,,,,,
615,7,0,1,28,8,0,0,0,0,12670,8000,0,8000,-1.1821134,10000,1,1,,3,2,0,,,,,,,
608,7,0,1,66,3,3,1,.7263158,18.254238,21000,18000,0,18000,-.17304131,25000,0,,,,,0,,,,,,,
606,7,1,0,24,5,2,0,0,0,13000,20000,0,20000,-.42251453,10500,0,,,,,0,,,,,,,
604,7,0,1,65,2,2,0,.010526316,0,20800,14000,0,14000,1.928373,11850,0,,,,,1,0,0,0,0,0,0,1
603,7,0,1,29,4,1,1,.03125,0,15500,32000,0,32000,-.20105349,14000,1,1,,4,4,0,,,,,,,
598,7,0,1,44,7,3,1,.31914893,7.5932202,12056,31000,0,31000,1.7573971,20000,0,,,,,0,,,,,,,
597,7,0,1,33,3,1,1,.41489363,3.3389831,16000,0,0,0,.3978346,15000,1,1,,5,4,0,,,,,,,
595,7,0,1,40,13,3,1,.010638298,0,42000,84000,0,84000,1.5085468,9750,1,1,,5,5,0,,,,,,,
594,7,1,0,68,3,3,1,.70833331,13.20339,7000,0,0,0,-.85820335,10000,1,0,1,,,0,,,,,,,
592,7,1,0,39,0,2,1,.75531918,22.152542,10000,0,0,0,-.75920898,15000,1,0,1,,,0,,,,,,,
590,7,0,1,52,3,2,1,.375,8.9830513,13000,10000,0,10000,3.3177266,2500,1,1,,4,4,0,,,,,,,
589,7,1,0,65,2,1,1,.71875,14.864407,20000,10000,0,10000,-.43970162,30000,1,1,,6,5,0,,,,,,,
587,7,1,0,60,2,6,1,.73404253,22.847458,25000,80000,0,80000,-.64032906,14000,1,1,,4,2,0,,,,,,,
585,7,1,1,33,12,3,1,.52631581,11.135593,15300,18000,3000,15000,-.041495916,10850,1,1,,5,4,0,,,,,,,
580,7,1,0,46,7,2,1,.72340423,12.542373,24000,28000,0,28000,-.81600434,50000,1,0,1,,,0,,,,,,,
579,7,0,1,40,6,3,1,.51578945,20.186441,6000,26000,0,26000,.060050149,10500,0,,,,,1,0,0,0,1,0,0,0
577,7,1,0,49,0,2,1,.66666669,13.81356,65000,4000,0,4000,-1.1565804,40000,0,,,,,1,0,0,0,0,0,0,1
575,7,1,0,34,8,6,1,.70526314,17.881355,133000,30000,0,30000,.14348137,35000,1,0,1,,,0,,,,,,,
574,7,1,0,23,3,1,1,.60000002,10.915255,110000,0,0,0,-.27220201,70000,0,,,,,0,,,,,,,
571,7,0,1,26,8,2,0,0,0,17000,10000,0,10000,-.37552595,13000,1,1,,5,4,0,,,,,,,
564,7,1,0,48,1,1,1,.71276593,16.745762,0,16000,0,16000,-.77457076,3000,0,,,,,0,,,,,,,
562,7,0,1,30,7,1,1,.18085106,1.1016949,15000,0,0,0,.03869129,15200,0,,,,,0,,,,,,,
561,7,0,1,32,8,2,0,0,0,19000,4000,0,4000,-.66202325,22000,1,0,1,,,0,,,,,,,
555,7,1,0,26,5,3,1,0,0,9700,6000,0,6000,-.19043477,25600,1,1,,6,5,0,,,,,,,
554,7,1,0,62,0,5,1,.68085104,12.762712,10200,0,0,0,-1.2055397,15000,0,,,,,0,,,,,,,
548,7,1,0,45,0,2,1,.75531918,13.033898,9000,0,0,0,-1.3682063,7000,0,,,,,0,,,,,,,
547,7,1,0,35,3,5,1,.72340423,16.372881,6000,10000,0,10000,-1.4267125,25000,1,0,1,,,0,,,,,,,
540,7,1,1,27,3,3,1,.28723404,0,16530,20000,0,20000,-.51358306,15500,1,1,,5,5,1,0,0,0,0,0,0,1
538,7,1,0,37,3,3,1,.60638297,11.627119,18800,0,0,0,-.64491862,20000,0,,,,,0,,,,,,,
530,7,0,1,24,12,1,0,0,0,19300,4000,0,4000,-.13082504,15050,1,1,,4,4,0,,,,,,,
529,7,0,1,40,7,1,1,.44680852,8.6440678,27000,60000,0,60000,-.58099103,16000,1,1,,6,5,0,,,,,,,
527,7,1,1,24,7,3,1,.66000003,13.169492,12000,0,0,0,-.025636131,18240,1,0,1,,,0,,,,,,,
524,7,0,1,42,1,3,1,.51041669,20.508474,20000,24000,0,24000,1.2742771,30000,0,,,,,1,0,0,1,0,0,0,0
517,7,0,1,53,1,0,0,.03125,0,25000,20000,0,20000,.6861921,15300,1,1,,4,3,0,,,,,,,
516,7,0,1,22,10,2,0,.31578946,0,35000,50000,0,50000,-.45304221,14000,1,1,,4,3,0,,,,,,,
512,7,0,1,46,8,3,1,.37894738,1.9491526,582,60000,0,60000,.934964,7000,1,1,,4,4,0,,,,,,,
499,7,0,1,34,5,4,1,.15957446,2.7966101,8500,0,0,0,.014502066,25000,1,1,,2,1,1,0,0,0,0,0,0,1
495,7,1,0,31,7,3,0,0,0,14100,10000,0,10000,-.37365654,15600,1,1,,5,5,1,1,0,0,0,1,0,0
494,7,1,0,38,4,5,1,.28125,8.7288132,9000,36000,0,36000,-.47172984,16000,0,,,,,0,,,,,,,
492,7,0,1,24,14,0,0,0,0,0,84800,0,84800,-1.1811165,10000,1,1,,3,1,0,,,,,,,
488,7,1,0,40,0,5,1,.65263158,17.254238,19500,26000,0,26000,.063719302,38000,0,,,,,1,1,0,0,0,0,0,1
487,7,1,0,34,7,3,1,.7157895,16.050848,0,48000,0,48000,-.92658454,9000,1,0,1,,,0,,,,,,,
486,7,0,1,42,6,4,1,.031914894,0,13100,2700,0,2700,.029625271,12510,1,1,,5,2,0,,,,,,,
485,7,1,0,37,3,2,1,.67021275,10.18644,0,30000,0,30000,.14025448,1500,1,1,,5,0,0,,,,,,,
484,7,0,1,24,14,0,0,0,0,17000,3000,0,3000,-1.0015432,13230,0,,,,,0,,,,,,,
483,7,0,1,32,10,3,1,.43617022,8.3898306,41010,0,0,0,-.24667533,17870,0,,,,,0,,,,,,,
481,7,1,0,34,2,5,1,.74468082,23.677965,5000,0,0,0,.31534681,14000,0,,,,,0,,,,,,,
479,7,1,0,47,5,2,1,.74468082,15.474576,0,14000,0,14000,.003818701,1260,0,,,,,0,,,,,,,
475,7,0,1,23,11,0,0,.021276595,.72881359,31500,136800,0,136800,-.050458275,14500,1,0,1,,,0,,,,,,,
474,7,0,1,21,13,2,0,.01010101,.084745765,13000,0,0,0,-1.7468641,27000,1,0,1,,,0,,,,,,,
443,8,0,1,32,6,2,0,0,0,22000,78000,0,78000,.60656583,10250,1,1,,5,5,0,,,,,,,
442,8,0,1,37,3,3,0,0,0,10000,0,0,0,-1.6280559,4500,1,1,,5,4,0,,,,,,,
439,8,0,0,34,2,0,0,0,0,13000,0,0,0,-1.9593534,6700,1,1,,5,2,0,,,,,,,
437,8,1,0,42,0,1,0,0,0,15300,6000,0,6000,-1.849398,5000,0,,,,,1,0,0,0,0,0,1,0
436,8,0,1,25,4,1,0,0,0,12000,6000,0,6000,-1.051351,9650,1,0,1,,,0,,,,,,,
434,8,0,1,36,2,2,0,0,0,27000,8000,0,8000,-.71828061,13250,0,,,,,0,,,,,,,
429,8,0,1,35,10,1,0,0,0,16700,16000,0,16000,-1.0912024,12500,0,,,,,0,,,,,,,
422,8,1,0,46,0,4,1,.66315788,18.983051,22000,3800,0,3800,-.18906032,20000,0,,,,,0,,,,,,,
421,8,1,0,35,2,2,1,.7157895,24.050848,7000,6000,0,6000,-1.2499256,7000,0,,,,,0,,,,,,,
420,8,1,1,50,0,6,1,.6875,21.915255,0,0,0,0,-1.9593534,7500,1,1,,5,4,0,,,,,,,
419,8,1,1,39,0,3,1,.57291669,18.20339,30000,0,0,0,.75993001,20000,1,0,1,,,0,,,,,,,
418,8,0,1,38,6,2,1,.74468082,23.779661,0,18000,0,18000,-.57806325,8500,1,1,,5,5,0,,,,,,,
408,8,1,0,38,6,3,1,.73404253,33.237289,8200,26000,0,26000,.079265393,9600,1,1,,3,2,0,,,,,,,
404,8,0,1,42,3,3,1,.72340423,26.932203,7300,24000,0,24000,-.31327599,10000,0,,,,,1,0,0,0,0,0,0,1
396,8,1,0,40,3,4,1,.7157895,24.050848,0,26000,0,26000,.43844828,15000,0,,,,,0,,,,,,,
394,8,0,1,63,0,2,1,.68000001,26.966103,2000,0,0,0,1.2070305,7000,1,0,1,,,0,,,,,,,
392,8,0,1,66,8,2,1,.71276593,24.627119,7200,4000,2000,2000,.18797176,16000,1,1,,2,1,0,,,,,,,
390,8,0,1,52,5,1,0,0,0,22000,62000,0,62000,.83021456,8000,0,,,,,0,,,,,,,
389,8,1,0,50,6,4,1,.69148934,12.508474,7000,0,0,0,-.72539669,15000,0,,,,,0,,,,,,,
388,8,1,0,45,0,1,1,.70103091,25.118645,8000,0,0,0,-.84660476,12000,1,1,,5,5,0,,,,,,,
387,8,1,0,50,0,2,1,.58947366,15.457627,0,12000,0,12000,-1.4107527,4500,0,,,,,1,1,0,0,0,0,0,1
385,8,0,1,29,2,4,1,.68421054,24.067797,42000,0,0,0,-.82081467,40000,1,0,1,,,0,,,,,,,
384,8,0,1,40,8,4,0,0,0,27000,35000,0,35000,-.41457808,23350,1,1,,4,3,0,,,,,,,
382,8,0,1,42,0,2,0,0,0,17080,44000,0,44000,.51944524,15000,0,,,,,0,,,,,,,
377,8,1,0,42,1,4,1,.60416669,17.79661,0,12000,0,12000,-1.2907553,10000,0,,,,,0,,,,,,,
376,8,1,0,32,4,4,1,.65263158,15.644068,5500,6000,0,6000,.98106754,17000,1,1,,5,3,0,,,,,,,
372,8,0,1,43,3,3,1,.61052632,22.694916,6600,38000,0,38000,.37969941,9750,0,,,,,0,,,,,,,
371,8,0,1,21,7,2,0,.69473684,28.491526,133000,48000,0,48000,-.60810322,25000,1,1,,6,5,1,0,0,0,0,0,0,1
368,8,0,1,42,5,4,1,.71276593,43,25000,0,0,0,.27545834,25000,1,0,1,,,0,,,,,,,
366,8,0,1,32,10,3,1,.25531915,0,17000,0,0,0,-.5620997,13000,0,,,,,0,,,,,,,
362,8,1,1,46,3,1,1,.65263158,14.610169,14000,52000,0,52000,-.0488391,70000,1,1,,3,2,0,,,,,,,
361,8,1,0,45,0,1,0,0,0,14000,0,0,0,-.029037388,4700,1,0,1,,,0,,,,,,,
360,8,1,0,56,0,3,1,.64893615,16.322035,8000,10000,0,10000,-.67894793,50000,0,,,,,0,,,,,,,
355,8,1,0,50,0,2,1,.72340423,30.271187,120000,6000,0,6000,-.93645447,20000,0,,,,,0,,,,,,,
354,8,1,0,30,7,5,1,.60638297,29.118645,8000,12000,0,12000,-.14966053,15000,0,,,,,0,,,,,,,
351,8,1,1,37,6,3,1,.59574467,25.338984,19500,24000,0,24000,-.33569461,12500,1,1,,4,4,0,,,,,,,
349,8,0,1,39,1,2,0,0,0,16700,122000,37000,85000,.26368362,6550,0,,,,,0,,,,,,,
343,8,0,1,43,5,5,0,0,0,16720,0,0,0,1.2533945,15000,1,1,,4,3,1,1,0,0,0,0,0,1
340,8,0,1,45,2,3,1,.48421052,10.20339,16000,0,0,0,-.80652207,14500,1,0,1,,,1,0,0,0,1,0,0,0
337,8,0,1,58,6,1,0,0,0,44400,16000,0,16000,-.12645383,30000,0,,,,,0,,,,,,,
336,8,0,1,45,7,2,0,0,0,15000,2000,0,2000,.28695846,9000,1,1,,4,2,0,,,,,,,
335,8,0,1,54,0,2,0,0,0,41000,26000,0,26000,.26045135,25000,0,,,,,0,,,,,,,
334,8,0,1,58,3,0,1,.7157895,31.983051,12500,0,0,0,-1.3396347,12500,0,,,,,0,,,,,,,
331,8,0,1,66,0,0,1,.7473684,27.542374,0,0,0,0,-1.7645985,14000,1,1,,5,2,0,,,,,,,
330,8,1,0,64,4,4,1,.68085104,25.254238,1800,54000,15000,39000,.014037388,1850,1,1,,4,4,0,,,,,,,
328,8,0,1,38,5,0,1,.56382978,15.372881,0,0,0,0,-1.5609571,8000,1,1,,4,3,0,,,,,,,
327,8,1,1,45,1,3,0,0,0,29000,24000,0,24000,.39743915,16600,0,,,,,0,,,,,,,
326,8,0,1,53,4,4,1,.68421054,16.728813,6400,0,0,0,.037092037,6000,1,1,,5,4,1,0,1,0,0,1,0,0
325,8,0,1,40,5,3,1,.45833334,9.474576,3000,150000,0,150000,-.14722084,15790,1,0,1,,,0,,,,,,,
324,8,0,1,31,5,4,1,.70526314,29.440678,10500,15000,0,15000,-.68312776,15000,1,0,1,,,0,,,,,,,
322,8,0,1,52,4,4,1,.31914893,0,10800,0,0,0,.083959304,9110,0,,,,,0,,,,,,,
319,8,1,1,49,0,5,1,.73404253,25.271187,15000,36000,0,36000,1.6555011,17500,0,,,,,0,,,,,,,
318,8,0,1,36,5,1,0,0,0,9000,34000,0,34000,.71664512,9000,0,,,,,0,,,,,,,
317,8,0,1,41,5,0,0,0,0,11000,0,0,0,-1.3015231,10000,0,,,,,0,,,,,,,
312,8,0,1,39,3,1,1,.7473684,19.915255,16000,124000,0,124000,1.1636434,16100,1,1,,3,3,0,,,,,,,
309,8,0,1,64,0,1,1,.7368421,23.423729,7000,20000,0,20000,-.30640796,7500,1,0,1,,,1,0,0,0,0,0,0,1
307,8,0,0,45,1,3,1,.73404253,28.966103,54000,32400,0,32400,-1.5570396,2500,0,,,,,0,,,,,,,
306,8,0,1,65,0,4,1,.68421054,23.186441,8500,22000,0,22000,-.26265609,8000,1,1,,3,3,1,0,0,0,0,0,1,0
305,8,0,1,52,3,4,1,.7368421,35.016949,26000,50000,0,50000,1.5780544,20000,1,1,,3,2,1,0,0,0,1,0,0,0
301,8,1,0,30,7,4,1,.67708331,12.949153,7000,3000,0,3000,-.53148854,11000,1,1,,3,1,0,,,,,,,
298,8,0,1,51,7,3,1,.61052632,16.254238,12000,0,0,0,-.07750494,10000,0,,,,,0,,,,,,,
294,8,0,1,41,7,2,1,.70212764,40.033897,16000,182000,50000,112000,.62674737,17500,1,0,1,,,1,0,0,0,0,0,0,1
293,8,0,1,37,7,2,0,0,0,13400,22000,0,22000,-.53164965,20000,0,,,,,0,,,,,,,
291,8,0,1,30,5,2,1,.40625,4.5254235,28000,63000,0,63000,.91177803,15000,1,1,,4,3,0,,,,,,,
290,8,0,1,34,7,1,0,0,0,19000,10000,0,10000,-.32120174,13650,1,1,,4,4,1,0,0,0,0,0,0,1
289,8,0,1,23,14,1,0,0,0,17000,58400,0,58400,.2004696,11150,1,0,1,,,0,,,,,,,
285,8,1,0,57,3,1,1,.67021275,22.067797,8578,30000,0,30000,-.70083952,15000,0,,,,,0,,,,,,,
284,8,1,1,52,0,2,1,.7157895,26.440678,2500,22000,0,22000,.12388566,5000,0,,,,,0,,,,,,,
283,8,0,1,46,1,2,1,.72164947,21.559322,11000,0,0,0,-.93295556,30000,0,,,,,1,0,1,0,1,0,1,0
277,8,1,0,46,3,4,1,.7263158,25.677965,0,28000,0,28000,-1.300622,25000,0,,,,,0,,,,,,,
273,8,0,1,27,9,0,1,.53191489,16.983051,7350,6000,0,6000,-.65548778,9000,1,1,,3,3,1,1,0,0,0,0,0,1
272,8,0,1,40,5,3,1,.67368424,25.118645,5000,18000,0,18000,.93979019,18000,1,1,,4,4,0,,,,,,,
268,8,0,1,46,3,6,1,.75789475,18.40678,0,22000,0,22000,-.32977152,8000,0,,,,,0,,,,,,,
264,8,0,1,24,1,2,1,.63829786,17.050848,14000,3000,0,3000,-.21777855,17000,1,0,1,,,0,,,,,,,
261,8,0,1,28,4,3,1,.55789477,17.542374,21000,0,0,0,-1.2250907,20950,1,1,,1,0,0,,,,,,,
260,8,0,1,36,4,2,0,0,0,20500,160000,0,160000,1.7581018,8200,1,1,,5,3,0,,,,,,,
256,8,0,1,29,13,2,1,.69148934,14.644068,40000,124000,0,124000,1.859706,15000,0,,,,,0,,,,,,,
252,8,1,0,29,0,4,1,.69791669,32.457626,0,10000,0,10000,1.6711966,18000,0,,,,,0,,,,,,,
248,8,0,1,24,8,1,1,.22916667,6.5423727,17900,16000,0,16000,-1.5597017,11000,0,,,,,0,,,,,,,
247,8,0,1,52,3,2,1,.69148934,21.881355,11000,10000,0,10000,.34516123,22000,1,1,,4,4,0,,,,,,,
242,8,0,1,35,12,2,0,0,0,18000,36000,0,36000,.026490495,27000,0,,,,,1,0,0,0,0,0,0,1
241,8,0,1,64,8,0,0,0,0,13000,4000,0,4000,.79175705,9180,1,1,,1,0,1,1,0,0,0,0,0,1
239,8,1,0,40,5,4,1,.69148934,17.050848,6000,16000,0,16000,-.49248561,12000,1,1,,5,4,0,,,,,,,
238,8,1,1,35,5,3,1,.74468082,19.237288,28000,0,0,0,1.6176449,8000,0,,,,,0,,,,,,,
236,8,0,1,34,7,1,0,.68421054,28.220339,32000,0,0,0,-1.1388139,12540,1,0,1,,,0,,,,,,,
232,8,1,0,44,2,3,1,.56382978,15.271187,15000,52000,0,52000,.54761833,21000,1,0,1,,,0,,,,,,,
229,8,1,1,33,7,3,0,0,0,13000,14000,0,14000,-.46536979,21530,1,1,,3,2,0,,,,,,,
221,8,1,1,42,2,0,1,.59793812,30.135593,30000,24000,6000,18000,-.93747044,25000,0,,,,,1,1,0,0,0,0,0,1
217,8,1,0,38,3,1,1,.61702126,12.898305,10500,7000,0,7000,.13208112,15000,0,,,,,1,0,0,1,0,0,0,0
191,9,0,1,40,11,2,0,0,0,27000,40000,0,40000,-.16851601,11000,1,1,,5,5,0,,,,,,,
190,9,0,1,36,8,2,1,.63043481,28.983051,26000,0,0,0,-.47666728,12000,1,1,,5,5,0,,,,,,,
184,9,1,0,45,1,2,1,.70329672,23.38983,8100,162000,0,162000,2.4353285,10500,1,0,1,,,0,,,,,,,
183,9,0,1,53,5,6,1,.42857143,4.1186442,17250,60000,0,60000,2.608248,38000,1,0,1,,,0,,,,,,,
182,9,0,1,54,7,2,0,0,0,23000,20000,0,20000,-1.1783644,13000,1,1,,6,5,0,,,,,,,
181,9,0,1,36,4,4,1,.42391303,13.983051,19100,30000,0,30000,-.0455468,12180,0,,,,,0,,,,,,,
180,9,0,1,43,5,0,1,.3956044,5.8813558,18100,47000,4000,43000,-.051421996,27500,0,,,,,0,,,,,,,
178,9,0,1,52,0,0,1,.17708333,0,19300,4000,0,4000,-1.224941,9750,1,1,,5,5,0,,,,,,,
177,9,1,0,60,5,2,1,.69892472,16.61017,7300,40000,0,40000,.23839016,20000,0,,,,,1,0,0,0,1,0,0,0
175,9,0,1,37,4,3,1,.69892472,25.508474,7000,0,0,0,-.28043702,6400,0,,,,,0,,,,,,,
174,9,1,0,58,0,1,1,.60416669,20.186441,7000,48000,0,48000,-.44529939,4000,0,,,,,1,0,1,0,0,0,0,0
172,9,1,1,53,3,3,1,.72043014,21.20339,10000,28000,0,28000,.30598116,7500,1,1,,4,4,0,,,,,,,
171,9,0,1,49,8,3,1,.38541666,7.4406781,3500,76000,0,76000,1.7949933,70000,1,1,,6,5,0,,,,,,,
166,9,0,1,46,10,1,1,.38461539,4.0338984,23000,60000,10000,50000,-.22581308,18000,1,1,,4,3,0,,,,,,,
164,9,0,1,39,7,5,1,0,0,16720,25400,0,25400,1.2088341,30000,0,,,,,0,,,,,,,
162,9,1,0,45,7,4,1,.50537634,11.033898,15700,16000,8000,8000,1.2136756,4700,1,1,,4,2,1,0,1,0,0,1,0,0
161,9,0,1,52,4,3,0,0,0,16600,70000,0,70000,.22794482,20000,1,1,,6,4,1,0,1,0,1,0,0,0
159,9,0,1,52,8,4,1,.42391303,12.118644,7240,0,0,0,1.8616904,10000,0,,,,,0,,,,,,,
158,9,1,0,32,0,2,1,.49450549,17.728813,18000,27000,0,27000,.3969886,21850,1,1,,5,5,0,,,,,,,
155,9,0,1,42,10,5,1,.32258064,.89830506,102000,294000,50000,278000,2.8139026,6000,1,1,,5,4,0,,,,,,,
152,9,0,1,25,2,2,1,.52747256,14.677966,11000,64000,0,64000,1.1103438,4500,1,1,,3,3,0,,,,,,,
150,9,0,1,35,5,5,1,.67741936,22.220339,14000,10000,0,10000,-.27008414,15000,1,1,,5,5,0,,,,,,,
149,9,0,1,45,3,2,1,.67391306,28.949152,10000,68000,0,68000,-.74011815,20000,1,1,,5,2,1,0,0,0,0,0,0,1
147,9,0,1,55,4,5,1,.71428573,24.254238,7000,0,0,0,-.97302926,13000,1,1,,5,3,1,0,1,0,0,0,0,0
145,9,0,1,31,0,6,1,.70329672,21.305084,6250,0,0,0,.66591799,10000,0,,,,,0,,,,,,,
143,9,0,1,32,4,3,1,.5869565,16.949152,6300,0,0,0,.24219282,8300,1,1,,5,4,0,,,,,,,
138,9,1,0,43,2,2,1,.73118281,21.677965,7100,16000,0,16000,.029585009,5600,0,,,,,0,,,,,,,
137,9,0,1,39,13,1,1,.59340662,21.440678,7800,24600,0,24600,.10473079,21000,0,,,,,1,0,0,0,1,0,0,0
136,9,1,1,31,2,3,1,.69892472,17.983051,12500,0,0,0,-.54830509,18000,0,,,,,0,,,,,,,
135,9,0,1,58,4,2,1,.57608694,12.271187,33500,6000,0,6000,-.5384528,14000,1,1,,4,4,0,,,,,,,
134,9,1,0,42,2,1,1,.5869565,13.847458,1000,50000,0,50000,-.2856988,16500,0,,,,,0,,,,,,,
133,9,1,0,32,2,3,1,.59139782,13.406779,0,21000,0,21000,.26247993,21000,1,1,,6,6,1,1,0,0,0,0,0,1
128,9,1,0,38,2,5,1,.5,11.355932,0,0,0,0,-1.1038916,5600,1,1,,4,2,1,1,1,0,0,0,0,0
124,9,0,1,53,1,3,1,.64130437,19.79661,7000,50000,0,50000,.85609609,28000,0,,,,,1,0,1,0,1,1,0,0
120,9,0,1,65,0,1,1,.39130434,2.2033899,16000,0,0,0,-.72665197,7650,0,,,,,0,,,,,,,
119,9,0,1,41,3,0,1,.35164836,2.3389831,14000,36000,0,36000,-.69464725,48640,1,1,,5,5,0,,,,,,,
112,9,0,1,40,6,4,1,.56043959,17.627119,10500,0,0,0,-1.3368925,16550,0,,,,,1,0,1,0,1,0,0,0
109,9,0,1,33,6,3,1,.40217391,5.237288,13400,22000,0,22000,.60567796,25000,1,1,,6,4,0,,,,,,,
107,9,0,1,33,3,5,1,.40659341,3,25000,55000,0,55000,1.5485637,35560,0,,,,,0,,,,,,,
106,9,0,1,40,4,3,1,.42857143,7.2033896,20500,6000,0,6000,1.1224355,16500,1,0,1,,,0,,,,,,,
105,9,0,1,53,0,0,0,0,0,15000,0,0,0,-1.1692159,9520,1,1,,3,2,0,,,,,,,
104,9,0,1,39,8,3,1,.55434781,14.593221,23000,32080,0,32080,.56497228,14950,0,,,,,1,0,0,0,0,0,0,1
101,9,0,1,44,4,2,1,.54166669,12.898305,16000,24000,0,24000,.19960566,13000,1,1,,1,1,1,0,0,0,0,0,1,0
99,9,0,1,54,7,3,1,.11956522,7.8813558,90000,148000,48000,100000,1.0473253,31000,1,1,,4,3,0,,,,,,,
98,9,0,1,38,5,6,1,.31868133,5.3728814,20000,12000,0,12000,-.63144797,22000,1,1,,4,3,0,,,,,,,
95,9,0,1,47,2,5,1,.61538464,17.101694,11000,2400,0,2400,.062085494,13400,0,,,,,1,0,1,0,0,0,0,0
94,9,1,0,28,8,2,1,.5714286,13.576271,7800,28000,0,28000,-.011472628,7800,0,,,,,0,,,,,,,
92,9,0,1,28,0,2,1,.40625,6.7288136,1800,0,0,0,-.79579967,10200,1,1,,4,2,0,,,,,,,
91,9,0,1,52,3,4,1,.56521738,16.677965,9000,0,0,0,.057947777,45000,1,1,,4,3,1,0,0,0,0,0,0,1
90,9,0,1,37,12,1,0,0,0,13000,0,0,0,-.16155173,37020,1,1,,3,3,0,,,,,,,
89,9,0,1,30,6,3,0,0,0,18800,0,0,0,-.95171893,15500,0,,,,,0,,,,,,,
88,9,0,1,41,4,4,0,0,0,18000,20800,0,20800,-1.1861261,20000,1,1,,5,4,0,,,,,,,
87,9,0,1,38,4,0,1,.4623656,6.0677967,15900,0,0,0,-.54501796,35000,1,1,,4,4,0,,,,,,,
82,9,0,1,59,3,3,1,.60869563,10.457627,74000,70000,0,70000,.3217251,35000,1,0,1,,,0,,,,,,,
80,9,0,1,63,2,1,1,.40659341,5,25600,28000,0,28000,-.88298106,31000,1,1,,4,4,0,,,,,,,
78,9,0,1,46,6,5,1,.49462366,13.830508,19100,10000,0,10000,1.7247951,11600,1,1,,5,5,0,,,,,,,
77,9,0,1,39,5,6,1,.67391306,16.79661,7330,0,0,0,.12835418,8400,0,,,,,1,0,0,0,0,0,0,1
76,9,1,0,63,2,1,1,.69230771,21.423729,3500,36000,0,36000,-1.1715041,11500,1,1,,4,4,0,,,,,,,
73,9,0,0,25,10,0,0,0,0,13000,26000,0,26000,-1.0506806,10000,1,0,1,,,0,,,,,,,
72,9,0,1,25,8,0,1,.64130437,35.847458,8500,40000,0,40000,-.69165224,18500,1,1,,2,1,0,,,,,,,
69,9,0,1,43,3,6,1,.72826087,19.067797,6780,8000,4000,4000,.41942427,19500,1,0,1,,,0,,,,,,,
68,9,0,1,24,9,0,1,.32967034,5.237288,13000,12000,0,12000,-.8656624,14000,1,0,1,,,0,,,,,,,
67,9,1,0,37,3,2,1,0,0,10000,28000,0,28000,.99840271,22120,0,,,,,0,,,,,,,
66,9,0,1,40,4,1,1,.56989247,15.271187,16150,30000,0,30000,-.46737644,11000,1,1,,2,2,0,,,,,,,
65,9,0,1,52,3,1,1,.5869565,17.915255,23000,30000,0,30000,-.1363523,11500,1,1,,4,3,0,,,,,,,
63,9,0,1,49,2,4,1,.36559141,9.3728809,45000,212000,0,212000,3.146292,35000,0,,,,,0,,,,,,,
62,9,1,0,29,2,2,1,.60439563,13.288136,14000,60000,0,60000,-.25005713,4200,0,,,,,0,,,,,,,
60,9,1,0,34,2,1,1,.60439563,15.644068,34700,44200,0,44200,2.1286922,28000,0,,,,,1,0,0,0,0,0,0,1
59,9,1,1,45,1,2,1,.083333336,2.5932202,12960,10000,0,10000,.41256708,13000,1,1,,6,5,0,,,,,,,
57,9,0,1,31,2,3,1,.58241761,18,13440,4000,0,4000,-1.3780301,10500,0,,,,,1,0,1,0,0,0,0,0
55,9,0,1,35,0,2,1,.48913044,14.542373,40000,50000,0,50000,1.2491961,16000,0,,,,,1,0,0,0,0,0,0,1
54,9,0,1,43,4,4,1,.3956044,5.1186442,0,30000,0,30000,-.61695814,4000,0,,,,,1,0,0,0,0,0,0,1
52,9,1,0,37,3,2,1,.55913979,11.474576,21900,25000,0,25000,.2973761,13800,0,,,,,0,,,,,,,
50,9,0,1,50,0,2,0,0,0,13000,0,0,0,.065912351,7400,0,,,,,0,,,,,,,
43,9,0,1,48,6,4,1,.5714286,17.762712,28000,74000,0,74000,1.5307145,19000,1,0,1,,,0,,,,,,,
40,9,0,1,32,3,2,1,.39130434,6.5932202,44500,78000,0,78000,1.3181398,1600,0,,,,,0,,,,,,,
39,9,1,1,54,4,4,1,.56989247,16.525423,15000,20000,0,20000,.26666582,20000,1,1,,6,5,0,,,,,,,
36,9,0,1,53,5,4,0,0,0,68700,0,0,0,-.13702211,11000,1,1,,5,5,0,,,,,,,
35,9,0,1,37,0,5,1,.58241761,23.627119,0,32000,0,32000,-.041009512,3480,0,,,,,0,,,,,,,
27,9,0,1,28,5,3,0,0,0,20170,0,0,0,1.7646511,25000,0,,,,,0,,,,,,,
24,9,0,1,35,9,2,1,.53763443,8.6271191,10500,8000,0,8000,-.80652207,8400,1,1,,4,4,0,,,,,,,
23,9,0,1,32,2,2,1,.61290324,11.677966,9000,207000,0,207000,.59796542,7350,0,,,,,0,,,,,,,
2640,10,0,1,60,3,0,0,0,0,7900,14000,0,14000,1.132001,7500,1,1,,4,4,0,,,,,,,
2637,10,0,1,60,8,2,1,.65217394,23.627119,6850,98000,0,98000,.16088161,9500,1,1,,4,2,0,,,,,,,
2633,10,0,1,51,3,2,1,.7096774,23.762712,6000,100,0,100,-1.0636369,4750,0,,,,,0,,,,,,,
2632,10,0,1,42,2,3,1,.36956522,3.9491525,11000,22000,0,22000,.6084649,15000,0,,,,,1,0,0,0,0,0,0,1
2629,10,0,1,52,4,0,1,.69565219,18.677965,7500,0,0,0,.98551512,22630,1,1,,5,3,0,,,,,,,
2628,10,0,1,53,3,2,1,.72826087,20.355932,24000,8000,0,8000,-.67933977,7200,1,1,,5,3,1,0,0,1,0,0,0,0
2627,10,1,1,42,1,1,1,.6630435,26.983051,9500,18000,0,18000,-1.1220777,8000,0,,,,,0,,,,,,,
2624,10,1,0,28,3,3,1,.60869563,16,6000,0,0,0,-1.9593534,10000,1,0,1,,,0,,,,,,,
2623,10,0,1,47,1,2,0,0,0,18000,6000,0,6000,-1.2791704,15000,1,1,,4,3,0,,,,,,,
2622,10,1,0,40,6,2,1,.65934068,11.932203,7000,10000,0,10000,-.036206167,60000,1,1,,5,4,0,,,,,,,
2621,10,1,1,30,0,2,1,.6630435,18.305084,11000,16000,0,16000,.069492713,5800,1,1,,5,4,1,0,1,0,0,0,1,0
2619,10,1,1,33,3,3,1,.58241761,11.20339,15800,68000,0,68000,-1.0784599,18000,1,1,,4,3,1,0,1,0,0,1,0,0
2618,10,0,1,53,1,4,1,.63440859,22.118645,26910,30000,0,30000,.52996683,5000,1,1,,3,3,0,,,,,,,
2617,10,0,1,40,6,3,1,.63043481,29.644068,7310,64000,0,64000,3.0625827,9000,1,1,,6,4,0,,,,,,,
2613,10,0,1,38,0,1,1,.70329672,11.423729,10000,0,0,0,-.12398488,7250,0,,,,,1,0,0,1,0,0,0,0
2612,10,0,1,24,7,2,0,0,0,100000,90000,0,90000,.33439735,20000,1,1,,5,5,1,1,0,0,0,0,0,1
2610,10,1,1,35,0,3,1,.64130437,14.81356,10000,0,0,0,-1.2057905,3000,1,1,,4,2,0,,,,,,,
2609,10,0,1,51,3,5,1,.73913044,25.813559,21900,0,0,0,.011901776,7700,0,,,,,0,,,,,,,
2608,10,0,0,53,0,3,1,.71739131,15.610169,5540,10400,0,10400,-1.7365545,18000,1,1,,6,6,0,,,,,,,
2607,10,0,1,52,7,6,1,.34065935,7.3389831,37300,122000,0,122000,3.3177266,11500,0,,,,,0,,,,,,,
2606,10,0,1,58,2,2,1,.57608694,15.135593,8060,5000,0,5000,-.35774288,18000,1,1,,5,5,1,1,0,0,0,0,0,1
2605,10,0,1,38,2,3,1,.75824177,17.745762,30100,48000,0,48000,.093891971,6000,1,1,,4,4,0,,,,,,,
2604,10,0,1,68,5,1,0,.48351648,8.8135595,27000,3000,0,3000,1.8904732,6000,0,,,,,0,,,,,,,
2602,10,0,0,42,0,4,1,.63736266,12.118644,8000,30000,0,30000,.11607443,10000,1,1,,3,1,1,0,0,0,0,0,0,1
2601,10,1,0,37,3,4,1,.71739131,20.474577,22000,26000,0,26000,.75231004,17800,0,,,,,0,,,,,,,
2599,10,0,1,68,2,0,1,.76041669,20.677965,7000,0,0,0,1.2899454,2050,1,0,1,,,0,,,,,,,
2598,10,0,1,36,1,3,1,.69892472,24.762712,9200,74000,20000,54000,-.42624319,9000,1,1,,4,4,0,,,,,,,
2596,10,0,1,51,3,5,1,.69565219,20.254238,19500,0,0,0,.16076285,19590,1,0,1,,,0,,,,,,,
2595,10,0,1,44,0,1,1,.39583334,3.5084746,15000,0,0,0,-1.9593534,12000,0,,,,,0,,,,,,,
2594,10,0,1,56,4,3,1,.75268817,23.949152,23000,20000,0,20000,-.11016502,14500,1,1,,4,1,0,,,,,,,
2592,10,1,0,29,2,4,1,.52173913,9,6000,0,0,0,-1.4079889,13200,1,1,,4,4,0,,,,,,,
2589,10,0,1,44,5,3,1,.52173913,14.966102,9200,126000,0,126000,.47547245,28000,0,,,,,0,,,,,,,
2588,10,1,0,43,0,2,1,.59340662,11.18644,27840,48000,0,48000,-1.2867134,70000,1,0,1,,,1,0,0,0,0,1,0,0
2587,10,0,1,52,1,2,1,.72826087,36.40678,10700,24000,0,24000,.78929967,15000,0,,,,,0,,,,,,,
2586,10,0,1,56,8,3,1,.69230771,14.067797,20670,78000,0,78000,-.1992151,28000,0,,,,,1,0,0,0,0,0,0,1
2585,10,0,1,43,0,3,1,.70652175,15.559322,48500,17800,0,17800,.87632686,26000,1,1,,5,5,0,,,,,,,
2584,10,1,1,35,1,4,1,.72043014,15.864407,7000,4000,0,4000,.15278514,12000,0,,,,,0,,,,,,,
2582,10,0,1,50,0,4,1,.25806451,2.3050847,19930,6000,0,6000,.027204338,50000,0,,,,,1,0,1,0,0,0,0,0
2581,10,0,1,43,2,5,1,.57608694,12.915255,14600,60000,0,60000,.76538783,40000,0,,,,,0,,,,,,,
2580,10,0,1,35,8,2,1,.65217394,30.966103,25000,242000,0,242000,2.2454689,15000,1,1,,5,4,0,,,,,,,
2577,10,0,1,57,5,3,1,.65591395,12.627119,6000,36000,0,36000,.15523225,26400,1,0,1,,,1,0,0,1,0,0,0,0
2574,10,1,0,48,1,3,1,.64130437,16.745762,6000,0,0,0,-1.0860362,6000,0,,,,,0,,,,,,,
2573,10,1,0,42,4,2,1,.5714286,12.322034,11000,64000,0,64000,-.37506151,14200,0,,,,,1,1,0,0,0,0,0,1
2571,10,0,1,55,5,5,1,.68478262,20.084745,9500,14000,0,14000,.36946636,14500,0,,,,,0,,,,,,,
2570,10,0,1,45,0,2,1,.31521741,8.7796612,84000,178000,0,178000,1.552209,20000,0,,,,,1,0,0,0,1,0,0,0
2567,10,0,1,49,3,2,1,.66666669,23.372881,8580,0,0,0,-.12416115,11900,1,1,,5,4,0,,,,,,,
2564,10,1,0,51,0,6,1,.63736266,10.050847,6000,46000,0,46000,.35527384,4700,1,1,,2,1,0,,,,,,,
2562,10,0,1,34,6,4,1,.61290324,27.762712,13000,42000,0,42000,.99284512,19600,0,,,,,0,,,,,,,
2561,10,0,1,39,0,3,1,.73118281,36.81356,17270,16000,0,16000,.1088835,15000,0,,,,,0,,,,,,,
2556,10,0,1,39,8,2,1,.72826087,24.525423,11150,0,0,0,.10261635,10500,0,,,,,0,,,,,,,
2553,10,0,1,66,3,6,1,.75268817,36.932205,29900,6000,3000,3000,1.6735629,16000,1,1,,4,3,0,,,,,,,
2551,10,0,1,21,11,0,0,0,0,8500,3000,0,3000,-.61929399,8500,1,1,,5,4,1,0,0,0,1,0,0,0
2550,10,0,1,41,2,4,0,0,0,16000,40000,0,40000,.24523239,11000,0,,,,,0,,,,,,,
2549,10,0,1,47,6,3,1,.51648355,8.1694918,21560,18000,0,18000,1.3462116,11000,0,,,,,0,,,,,,,
2547,10,0,1,40,6,4,1,.54347825,29.576271,55000,100000,0,100000,1.6262529,18000,1,1,,4,4,0,,,,,,,
2543,10,1,1,22,3,2,1,.56989247,11.559322,3500,96000,0,96000,.75215429,20000,1,0,1,,,0,,,,,,,
2542,10,1,0,30,4,4,1,.64130437,14.423729,7000,80000,0,80000,.56374347,29000,0,,,,,0,,,,,,,
2541,10,1,0,55,0,3,1,.54347825,8.9491529,7000,12000,0,12000,-1.2373718,9800,1,1,,5,5,1,0,0,0,0,0,0,1
2540,10,1,0,35,3,3,1,.70652175,21.745762,9700,32000,0,32000,.49959594,9750,1,1,,4,3,0,,,,,,,
2537,10,1,0,50,0,4,1,.69565219,19.016949,5000,6000,0,6000,-1.1591009,14000,1,1,,3,1,0,,,,,,,
2536,10,1,1,32,2,2,1,.47826087,10.135593,6400,38000,0,38000,.55788785,15000,0,,,,,0,,,,,,,
2535,10,0,1,42,13,2,1,.72527474,19,21000,52400,0,52400,.98107642,19500,1,1,,3,2,0,,,,,,,
2534,10,0,1,34,4,3,1,.67032969,16.440678,16000,278000,0,278000,.52875388,10000,1,1,,6,5,0,,,,,,,
2533,10,0,1,34,7,2,1,.40217391,12.220339,18500,164000,50000,114000,.56652915,35000,0,,,,,0,,,,,,,
2530,10,0,1,42,5,3,1,.6813187,12.016949,15200,2000,0,2000,-.62581223,7700,1,1,,2,1,0,,,,,,,
2528,10,1,0,36,3,2,1,.52688169,8.5932207,8800,0,0,0,-.95220184,5000,1,1,,4,4,0,,,,,,,
2525,10,0,1,45,1,3,1,.62637365,11.271187,22000,59000,0,59000,.26314858,13000,1,0,1,,,0,,,,,,,
2522,10,0,1,31,13,2,0,0,0,63800,10000,0,10000,.19600515,11000,1,1,,6,5,0,,,,,,,
2520,10,0,1,54,1,3,1,.69230771,14.118644,7070,16000,0,16000,.81282496,45000,0,,,,,0,,,,,,,
2518,10,1,1,29,7,4,1,.68478262,20.050848,18000,36000,0,36000,-.22047673,15000,0,,,,,0,,,,,,,
2517,10,0,1,22,8,2,1,.73118281,16.016949,5000,0,0,0,-1.5467333,9500,1,1,,5,5,0,,,,,,,
2515,10,0,1,39,8,2,1,.67032969,10.677966,6200,32000,0,32000,.10278326,6700,1,1,,5,4,0,,,,,,,
2514,10,0,1,57,13,1,1,.6630435,8,9680,60000,29000,31000,-.58902705,12000,1,1,,4,4,0,,,,,,,
2513,10,0,1,31,5,4,1,.5247525,12.711864,128000,24800,0,24800,1.5030053,15000,1,1,,3,3,0,,,,,,,
2511,10,0,1,36,8,3,1,.47311828,9.0338984,133000,228000,0,228000,1.2828441,14000,1,0,1,,,0,,,,,,,
2510,10,1,0,42,7,4,1,.68478262,19.084745,22800,9000,0,9000,.21322607,20000,0,,,,,0,,,,,,,
2508,10,1,0,42,2,5,1,.55208331,10.118644,8500,0,0,0,-1.3041315,8000,0,,,,,1,0,0,0,0,0,0,1
2485,11,0,1,27,13,2,1,.07,0,69000,36000,0,36000,.74771976,28400,0,,,,,0,,,,,,,
2482,11,0,1,59,1,3,1,.39130434,.47457626,0,24000,0,24000,-1.1594403,3500,1,1,,4,3,1,0,0,0,0,0,0,1
2481,11,0,1,54,3,2,0,0,0,30000,0,0,0,-.34819809,30000,0,,,,,0,,,,,,,
2477,11,0,1,42,5,1,0,0,0,17500,12000,0,12000,-1.2790797,8000,0,,,,,0,,,,,,,
2474,11,0,1,50,5,5,0,0,0,19500,1600,0,1600,1.1469046,20000,1,1,,5,5,0,,,,,,,
2472,11,0,1,46,5,2,1,.76041669,23.932203,3080,0,0,0,.4652552,12500,1,1,,5,4,0,,,,,,,
2468,11,0,1,38,1,3,0,0,0,16000,20000,0,20000,-.37590259,6500,1,1,,5,3,0,,,,,,,
2467,11,0,1,63,8,3,0,0,0,36000,0,0,0,1.8649603,36000,1,1,,4,4,1,0,0,0,1,1,1,0
2466,11,0,1,40,4,4,1,.32291666,.86440676,14000,2800,0,2800,.02611378,20000,1,1,,5,3,0,,,,,,,
2465,11,0,1,42,5,3,1,.54347825,5.4915257,35000,0,0,0,.47368011,10000,0,,,,,0,,,,,,,
2463,11,0,1,40,6,3,1,.21978022,0,34650,56000,0,56000,.40662104,15000,0,,,,,0,,,,,,,
2462,11,0,1,62,6,6,1,.68478262,9.1864405,7000,0,0,0,1.0280077,22000,1,1,,6,6,0,,,,,,,
2460,11,0,1,38,11,3,0,0,0,32000,0,0,0,.59924448,18000,1,1,,4,2,0,,,,,,,
2459,11,0,0,35,0,3,1,.65591395,29.152542,7580,1000,0,1000,-1.1224824,9500,0,,,,,1,0,0,0,1,0,0,0
2457,11,0,1,46,8,6,1,.28260869,.49152541,25840,5040,520,4520,1.3723999,14000,1,0,1,,,0,,,,,,,
2456,11,0,1,54,3,3,1,.33695653,.67796612,9500,0,0,0,-.058206242,5000,1,1,,5,3,1,0,0,0,0,0,0,1
2455,11,0,0,40,8,0,0,0,0,0,0,0,0,-.86597127,860,1,1,,5,2,0,,,,,,,
2453,11,1,0,38,0,3,1,.4742268,9.5762711,5000,0,0,0,-.3115212,10000,0,,,,,0,,,,,,,
2452,11,0,1,30,7,3,1,.18478261,0,0,4000,0,4000,-.48978171,55000,0,,,,,0,,,,,,,
2451,11,0,1,38,10,4,0,0,0,21500,65000,0,65000,-.64856195,15000,0,,,,,0,,,,,,,
2450,11,0,1,29,2,1,1,.48913044,7.9322033,13500,0,0,0,-.96721965,6000,1,1,,3,2,0,,,,,,,
2449,11,0,1,28,6,2,1,.30434781,.10169491,6500,36000,0,36000,-.10470922,15000,1,1,,4,2,0,,,,,,,
2445,11,0,1,40,7,3,0,0,0,27000,108000,0,108000,1.2382245,10000,1,1,,5,5,1,0,0,0,0,0,0,1
2444,11,0,1,34,7,1,1,.62365592,20.694916,15000,10000,0,10000,-1.4344354,14000,1,1,,6,5,1,0,1,1,1,0,0,0
2443,11,0,1,42,5,2,1,.58064514,18.898306,25000,12000,0,12000,-.7421537,14800,0,,,,,0,,,,,,,
2441,11,0,1,50,3,0,1,.50515461,6.5593219,5500,6000,0,6000,.46402198,12000,1,1,,5,2,0,,,,,,,
2439,11,1,1,31,7,4,1,.52747256,9.6271191,0,24000,0,24000,.47094491,3000,0,,,,,1,0,0,0,0,0,0,1
2438,11,1,0,39,5,5,1,.54000002,10.542373,13000,32000,0,32000,1.279664,3000,1,1,,4,2,1,0,0,0,0,0,0,1
2437,11,1,0,41,2,3,1,.60439563,8.6101694,0,7000,0,7000,-.18301639,860,1,0,1,,,0,,,,,,,
2434,11,1,0,39,7,3,1,.65934068,7.7966104,15000,8000,0,8000,-1.2878114,5000,1,1,,3,3,0,,,,,,,
2433,11,1,0,45,0,5,1,.60869563,6.9152541,5500,0,0,0,-.43352512,6100,1,1,,5,4,0,,,,,,,
2432,11,1,0,39,0,2,1,.67032969,11.864407,6500,70000,0,70000,-.42070276,7000,0,,,,,0,,,,,,,
2429,11,1,0,68,0,6,0,0,0,7000,18000,0,18000,-.30063936,10000,1,1,,4,2,0,,,,,,,
2420,11,0,1,38,2,0,0,0,0,16770,13000,0,13000,-.79207987,10000,0,,,,,0,,,,,,,
2416,11,1,0,29,6,2,1,.64835167,9.4067793,5000,2000,0,2000,-1.4556692,9000,0,,,,,0,,,,,,,
2414,11,0,1,45,6,5,1,.29032257,6.3389831,10000,11000,0,11000,.46724474,10000,1,1,,4,3,0,,,,,,,
2413,11,1,1,66,0,3,1,0,0,14000,27400,0,27400,1.3089046,6000,1,1,,6,6,0,,,,,,,
2412,11,0,1,34,8,3,1,.52688169,19.237288,15000,0,0,0,-.78973407,15000,1,1,,5,4,0,,,,,,,
2410,11,0,1,42,2,3,1,.24731183,0,25500,18000,0,18000,-.51889735,19000,0,,,,,0,,,,,,,
2409,11,0,1,31,6,3,1,.23913044,4.237288,25000,18000,0,18000,-.14308728,4300,0,,,,,0,,,,,,,
2406,11,1,0,24,3,1,1,.5714286,5.237288,14000,0,0,0,-1.6959915,7500,1,1,,3,2,0,,,,,,,
2405,11,1,0,45,1,2,1,.56043959,6.9491525,5400,19000,0,19000,-.91297466,4500,1,1,,3,3,0,,,,,,,
2404,11,1,0,35,5,6,1,.57608694,19.661016,28000,0,0,0,1.2077149,7000,1,1,,5,3,1,0,0,0,0,0,1,0
2403,11,0,1,33,3,2,1,.41758242,3.6779661,20500,0,0,0,.335237,13000,0,,,,,0,,,,,,,
2401,11,1,0,37,3,3,1,.67741936,28.79661,7000,186600,0,186600,-.63599586,11200,1,1,,6,6,0,,,,,,,
2395,11,1,1,41,11,3,0,0,0,29000,12000,0,12000,-.62163937,16000,1,1,,3,2,0,,,,,,,
2387,11,0,1,22,10,1,0,0,0,15000,38000,0,38000,-.14866166,12000,1,1,,4,3,0,,,,,,,
2383,11,0,1,35,7,2,1,.64516127,9.1864405,133000,50000,0,50000,.29630086,1000,0,,,,,0,,,,,,,
2382,11,1,0,67,0,1,0,0,0,13000,0,0,0,-1.3110034,8000,1,1,,4,3,0,,,,,,,
2381,11,1,0,28,5,2,1,.51546389,5.4067798,24000,0,0,0,-.28456852,22000,1,1,,3,2,0,,,,,,,
2378,11,1,0,31,4,3,1,.6813187,11.79661,25000,23000,0,23000,-1.5334315,10000,1,1,,4,3,0,,,,,,,
2377,11,0,1,46,1,3,1,.75268817,31.508474,53000,0,0,0,3.2799921,5000,1,0,1,,,1,0,0,0,0,1,1,0
2376,11,0,1,37,7,6,1,.64516127,27.983051,19000,0,0,0,.68690866,20000,0,,,,,0,,,,,,,
2375,11,1,0,48,0,4,1,.60869563,9.4406776,7850,90000,0,90000,.26570395,9000,0,,,,,1,0,0,1,0,0,0,0
2370,11,0,1,27,4,1,1,.61538464,13.016949,6100,0,0,0,-1.2224766,6500,0,,,,,0,,,,,,,
2369,11,1,0,68,0,0,1,.60869563,5.4067798,7000,20000,0,20000,.14129047,7000,0,,,,,1,0,0,0,0,0,0,1
2366,11,1,0,56,0,1,1,.64516127,7.4067798,0,0,0,0,-.89243203,3500,1,1,,5,3,0,,,,,,,
2365,11,0,1,68,13,1,0,0,0,0,0,0,0,1.5110729,16000,1,1,,4,4,0,,,,,,,
2355,11,0,1,32,7,3,1,.27173913,.50847459,25000,90000,0,90000,.73242795,11000,0,,,,,0,,,,,,,
2352,11,0,1,29,5,2,0,.15217391,0,15000,2800,0,2800,-.4390173,12000,1,0,1,,,1,1,0,0,0,0,0,1
2348,11,1,0,31,5,2,1,0,0,51500,129000,0,129000,1.0035082,8500,1,0,1,,,0,,,,,,,
2347,11,1,0,25,5,3,1,.61538464,8.3050852,4000,0,0,0,-.45572245,10500,0,,,,,0,,,,,,,
2346,11,1,0,39,5,4,1,.51086956,5.0338984,35000,64000,0,64000,.090703413,22000,0,,,,,0,,,,,,,
2345,11,1,0,40,2,2,1,.62637365,7.3728814,7500,2000,0,2000,-.33957732,20500,0,,,,,0,,,,,,,
2342,11,0,1,23,3,0,0,0,0,21900,11000,0,11000,-1.3905759,6000,1,1,,5,4,0,,,,,,,
2339,11,0,1,34,8,1,1,.28260869,0,40000,0,0,0,.63238925,29790,1,1,,3,2,1,0,0,0,1,0,0,0
2338,11,0,1,49,10,3,1,.23655914,.62711865,10600,0,0,0,1.9631226,10050,0,,,,,0,,,,,,,
2336,11,0,1,28,11,3,0,0,0,13500,6400,0,6400,-.82133007,15000,1,1,,4,2,1,0,0,0,0,0,0,1
2335,11,1,1,32,9,2,1,.48351648,4.5762711,0,0,0,0,.95056492,860,0,,,,,0,,,,,,,
2334,11,0,0,39,7,2,1,.37373737,3.9661016,7000,0,0,0,-.93623942,10000,0,,,,,0,,,,,,,
2333,11,0,1,29,9,1,1,.49450549,4.1864405,35000,20000,0,20000,-.96056163,24500,0,,,,,0,,,,,,,
2331,11,0,1,45,7,1,1,.48979592,14.118644,0,0,0,0,-.75028026,45000,1,0,1,,,0,,,,,,,
2330,11,0,1,25,4,1,1,.35051546,4.5593219,13000,0,0,0,-1.165076,13000,0,,,,,0,,,,,,,
2329,11,0,1,37,13,3,1,.49504951,3.2881355,13300,160000,50000,80000,-.32433313,7000,1,1,,6,5,1,0,0,0,0,0,0,1
2320,11,1,0,38,7,2,1,.54945058,4.762712,25700,150400,0,150400,.95704567,16000,0,,,,,1,1,0,0,1,1,0,0
2319,11,1,1,35,6,2,1,.31632653,2.2033899,13000,16000,0,16000,-.78391576,7000,1,0,1,,,0,,,,,,,
2317,11,1,0,32,10,4,1,.56701028,5.4406781,0,0,0,0,-1.5384657,6400,1,1,,4,3,0,,,,,,,
2316,11,1,0,40,5,4,1,.07526882,1.1355932,14000,15000,0,15000,.028312195,13500,1,1,,2,1,0,,,,,,,
2315,11,0,1,35,7,5,1,.28260869,0,20000,0,0,0,.19845071,15500,1,0,1,,,0,,,,,,,
2312,11,1,0,33,2,4,1,.59139782,18.898306,13020,10000,0,10000,-.1034318,13000,1,1,,3,3,0,,,,,,,
2311,11,1,0,33,3,4,1,.48351648,2.9661016,35200,30000,0,30000,-.53338391,5000,0,,,,,0,,,,,,,
2308,11,1,1,45,2,2,1,.69565219,23.016949,7200,18000,0,18000,-.645827,8500,1,0,1,,,0,,,,,,,
2307,11,0,1,36,8,4,1,.4623656,9.7118645,6000,0,0,0,1.8336108,9000,1,0,1,,,0,,,,,,,
2272,12,0,1,38,11,4,1,0,0,17500,24000,0,24000,-1.16985,25000,0,,,,,0,,,,,,,
2270,12,0,1,45,6,0,0,0,0,20600,2400,1200,1200,-.28265768,17000,1,1,,3,2,0,,,,,,,
2268,12,0,0,42,2,5,1,.61956519,17.898306,5000,0,0,0,-1.1025829,5060,1,1,,4,2,1,0,0,0,0,0,0,1
2267,12,0,1,42,5,5,1,.39130434,5.6779661,33000,50000,0,50000,.28890583,55000,0,,,,,0,,,,,,,
2265,12,1,0,47,0,3,1,.66666669,19.118645,7000,8000,0,8000,-.96579301,8000,1,0,1,,,0,,,,,,,
2264,12,0,1,65,0,2,1,.68478262,12.135593,7000,4000,0,4000,.31526902,10000,1,1,,3,3,1,0,0,0,1,0,0,0
2263,12,0,1,50,0,2,1,.31182796,4.5423727,32000,100000,0,100000,.18602099,13000,1,1,,5,5,0,,,,,,,
2262,12,0,1,58,2,4,1,.60439563,10.237288,5800,0,0,0,.011172086,7500,0,,,,,1,1,0,0,0,0,0,1
2258,12,1,0,42,0,4,1,.67391306,16.542374,8000,0,0,0,-1.3420894,7000,0,,,,,0,,,,,,,
2257,12,0,1,68,5,2,1,.6630435,14.711864,17000,0,0,0,-.90820062,3000,1,1,,4,4,0,,,,,,,
2256,12,1,0,53,0,2,1,.63043481,12.966102,35000,10000,0,10000,-1.6182081,13000,0,,,,,0,,,,,,,
2254,12,1,1,53,0,5,1,.70652175,16.542374,22000,0,0,0,-1.4561934,15000,0,,,,,0,,,,,,,
2250,12,0,1,41,6,4,1,.33333334,4.3220339,23000,0,0,0,.66854471,8350,0,,,,,1,1,0,1,0,0,0,0
2246,12,0,1,27,8,1,0,0,0,19000,8000,0,8000,.021381233,37540,1,1,,5,4,0,,,,,,,
2245,12,0,1,55,8,6,0,0,0,37000,39804,20000,19804,.61950552,16000,0,,,,,0,,,,,,,
2244,12,1,0,35,0,4,1,.73913044,17.728813,7000,0,0,0,-.52166474,10000,0,,,,,0,,,,,,,
2243,12,0,1,47,4,2,1,.70329672,22.186441,110000,10000,0,10000,-.053746331,70000,1,1,,4,2,0,,,,,,,
2241,12,0,1,49,7,3,1,.36458334,2.6949153,38000,0,0,0,.33119899,38000,0,,,,,1,0,0,0,0,0,0,1
2239,12,0,1,42,5,3,1,.32608697,5.8135595,8500,40000,0,40000,-.63439858,15000,0,,,,,0,,,,,,,
2237,12,1,0,35,5,3,1,.71428573,21.61017,5400,0,0,0,1.8339547,5000,0,,,,,0,,,,,,,
2231,12,0,1,38,2,5,1,.38461539,9.3898306,50000,250000,0,250000,1.0549545,10000,1,0,1,,,0,,,,,,,
2225,12,1,0,44,0,3,1,.5869565,14.271187,33000,0,0,0,-.12637146,16000,0,,,,,0,,,,,,,
2223,12,1,1,31,2,3,1,.55434781,12.847458,0,0,0,0,-.11999461,12000,1,1,,5,4,1,0,1,0,0,0,0,0
2222,12,0,1,32,6,1,1,.26373628,2.4406779,18990,6000,0,6000,.49884179,20000,0,,,,,0,,,,,,,
2216,12,0,1,40,7,1,1,.39130434,9.8813562,24720,0,0,0,.66613156,9850,1,0,1,,,0,,,,,,,
2215,12,0,1,35,5,2,1,.53846157,18.355932,0,6000,0,6000,-1.0940123,23000,0,,,,,0,,,,,,,
2214,12,1,1,34,4,3,1,.65934068,14.610169,12000,10000,0,10000,.67096466,50000,1,1,,3,2,0,,,,,,,
2213,12,0,1,38,3,3,0,0,0,14000,58000,0,58000,3.3177266,8500,1,0,1,,,0,,,,,,,
2208,12,0,1,27,7,3,1,.030303031,0,16000,0,0,0,-.9835273,8050,1,0,1,,,0,,,,,,,
2207,12,0,1,35,10,4,0,0,0,14100,0,0,0,-.67839992,8310,1,1,,6,3,1,0,0,0,0,0,0,1
2206,12,1,0,34,4,1,1,.52173913,12.271187,3000,0,0,0,-.89193273,3000,1,1,,4,4,0,,,,,,,
2205,12,0,1,27,5,0,0,0,0,15000,27000,0,27000,-.33391604,25000,1,0,1,,,0,,,,,,,
2203,12,1,0,25,0,3,1,.49450549,7.0508475,11150,0,0,0,-.40803507,6750,1,1,,4,4,0,,,,,,,
2199,12,0,1,38,10,3,1,.26041666,6.2033896,35400,208000,24000,184000,.553931,43950,1,1,,4,4,0,,,,,,,
2198,12,0,1,44,2,3,1,.31868133,6.7457628,16000,16000,0,16000,-.028971368,17000,0,,,,,0,,,,,,,
2192,12,0,1,39,3,1,1,.26373628,4.1864405,5200,92000,0,92000,-.42517743,23000,0,,,,,0,,,,,,,
2191,12,1,0,40,0,4,1,.56989247,10.288136,133000,16000,0,16000,-1.2856393,23000,1,1,,2,2,0,,,,,,,
2188,12,0,1,45,3,4,1,.29670331,0,133000,0,0,0,1.3911614,50000,1,0,1,,,0,,,,,,,
2187,12,0,0,62,4,0,1,.61956519,13.033898,14000,44000,0,44000,-.53004104,20000,1,1,,6,5,0,,,,,,,
2182,12,1,0,36,2,3,1,.56521738,9.9322033,0,0,0,0,-.88962662,12000,1,1,,5,3,0,,,,,,,
2179,12,0,1,37,7,4,1,.31868133,3.0508475,15000,0,0,0,.097273238,16000,1,1,,3,3,0,,,,,,,
2178,12,1,0,45,0,2,1,.71739131,21.271187,4710,0,0,0,-1.0260738,7000,0,,,,,0,,,,,,,
2176,12,1,1,43,0,2,1,.68478262,17.881355,4700,0,0,0,1.2837784,10000,1,1,,2,2,0,,,,,,,
2175,12,1,1,35,3,3,1,.69565219,19.779661,0,0,0,0,-.46983397,35000,1,1,,5,4,0,,,,,,,
2174,12,0,1,43,0,5,1,.63736266,21.40678,7500,0,0,0,.59080601,12750,0,,,,,0,,,,,,,
2168,12,1,0,42,4,3,1,.52747256,11.457627,25000,0,0,0,-.45652089,50000,1,1,,3,3,0,,,,,,,
2162,12,1,1,56,6,2,1,.65591395,14.288136,1000,0,0,0,.19461046,6000,1,0,1,,,0,,,,,,,
2161,12,0,1,34,10,4,1,.33695653,6.2711864,25000,88000,0,88000,-.087625772,36180,1,1,,2,2,0,,,,,,,
2159,12,0,1,44,5,5,1,.54838711,13,32900,120000,0,120000,1.3203607,23000,1,1,,3,2,0,,,,,,,
2158,12,0,1,38,8,5,0,0,0,30000,43400,0,43400,1.7116663,12000,0,,,,,0,,,,,,,
2157,12,1,0,56,5,3,1,.73118281,20.440678,9600,0,0,0,-1.1190273,11500,1,1,,5,5,0,,,,,,,
2156,12,0,1,36,7,2,1,.48351648,9.8813562,16000,0,0,0,1.1440418,17000,0,,,,,0,,,,,,,
2155,12,0,1,27,12,1,0,0,0,27500,40000,0,40000,.088523142,28000,1,1,,2,2,0,,,,,,,
2153,12,1,0,40,0,6,1,.49450549,7.6101694,15000,16000,0,16000,.44466338,8000,1,1,,5,5,0,,,,,,,
2152,12,1,0,30,1,4,1,.47252747,8.0338984,29000,0,0,0,-.36691061,17000,1,1,,5,4,0,,,,,,,
2151,12,1,0,24,5,6,1,.55434781,9.3220339,19750,50000,0,50000,1.5805718,12000,1,1,,4,4,1,1,1,0,0,0,0,0
2149,12,0,1,38,5,4,1,.04040404,3.0508475,34800,100000,37000,63000,-.22169922,17000,1,1,,2,2,1,0,1,1,0,0,0,0
2147,12,1,0,44,3,5,1,.51648355,6.7288136,13000,0,0,0,-.40308475,11200,0,,,,,0,,,,,,,
2141,12,1,0,52,1,2,1,.52688169,8.0508471,16000,0,0,0,-.58675033,14000,1,1,,5,3,0,,,,,,,
2138,12,0,1,43,7,5,1,.43956044,7.1694913,59320,294000,0,278000,2.3946526,30000,1,1,,6,5,1,0,0,0,0,0,0,1
2137,12,0,1,31,2,4,1,.42391303,5.9152541,19700,14000,0,14000,1.0952215,14050,0,,,,,0,,,,,,,
2136,12,0,1,32,4,4,1,.2857143,2.3728814,56000,0,0,0,.0023390509,16300,1,0,1,,,0,,,,,,,
2135,12,0,1,22,6,1,1,.32967034,4.3898306,21000,6000,0,6000,-.3719168,11000,1,1,,4,4,1,0,0,0,0,0,0,1
2130,12,1,0,45,0,0,1,.53846157,11.915255,13000,12000,0,12000,-1.9593534,8600,1,1,,4,4,0,,,,,,,
